ISO-10303-21;
HEADER;
/* Generated by software containing ST-Developer
 * from STEP Tools, Inc. (www.steptools.com) 
 */

FILE_DESCRIPTION(
/* description */ (''),
/* implementation_level */ '2;1');

FILE_NAME(
/* name */ 'KeebBottomv1.step',
/* time_stamp */ '2025-08-05T21:25:02-04:00',
/* author */ (''),
/* organization */ (''),
/* preprocessor_version */ 'ST-DEVELOPER v20.1',
/* originating_system */ 'Autodesk Translation Framework v14.10.0.0',
/* authorisation */ '');

FILE_SCHEMA (('AUTOMOTIVE_DESIGN { 1 0 10303 214 3 1 1 }'));
ENDSEC;

DATA;
#10=MECHANICAL_DESIGN_GEOMETRIC_PRESENTATION_REPRESENTATION('',(#20,#21),
#3393);
#11=CONTEXT_DEPENDENT_OVER_RIDING_STYLED_ITEM('',(#3419),#3404,#21,(#15));
#12=MAPPED_ITEM('',#13,#2277);
#13=REPRESENTATION_MAP(#2277,#3403);
#14=ITEM_DEFINED_TRANSFORMATION($,$,#2149,#2276);
#15=(
REPRESENTATION_RELATIONSHIP($,$,#3404,#3403)
REPRESENTATION_RELATIONSHIP_WITH_TRANSFORMATION(#14)
SHAPE_REPRESENTATION_RELATIONSHIP()
);
#16=CONTEXT_DEPENDENT_SHAPE_REPRESENTATION(#15,#3402);
#17=NEXT_ASSEMBLY_USAGE_OCCURRENCE('KeebBottom:1','KeebBottom:1',
'KeebBottom:1',#3406,#3407,'KeebBottom:1');
#18=SHAPE_REPRESENTATION_RELATIONSHIP('SRR','None',#3404,#19);
#19=ADVANCED_BREP_SHAPE_REPRESENTATION('',(#22),#3392);
#20=STYLED_ITEM('',(#3417),#22);
#21=STYLED_ITEM('',(#3420),#12);
#22=MANIFOLD_SOLID_BREP('Body1',#2135);
#23=FACE_BOUND('',#283,.T.);
#24=FACE_BOUND('',#284,.T.);
#25=FACE_BOUND('',#285,.T.);
#26=FACE_BOUND('',#286,.T.);
#27=FACE_BOUND('',#288,.T.);
#28=FACE_BOUND('',#289,.T.);
#29=FACE_BOUND('',#290,.T.);
#30=FACE_BOUND('',#291,.T.);
#31=FACE_BOUND('',#292,.T.);
#32=FACE_BOUND('',#293,.T.);
#33=FACE_BOUND('',#294,.T.);
#34=FACE_BOUND('',#295,.T.);
#35=FACE_BOUND('',#296,.T.);
#36=FACE_BOUND('',#300,.T.);
#37=FACE_BOUND('',#301,.T.);
#38=FACE_BOUND('',#302,.T.);
#39=FACE_BOUND('',#303,.T.);
#40=FACE_BOUND('',#304,.T.);
#41=FACE_BOUND('',#305,.T.);
#42=FACE_BOUND('',#306,.T.);
#43=FACE_BOUND('',#307,.T.);
#44=FACE_BOUND('',#308,.T.);
#45=FACE_BOUND('',#316,.T.);
#46=FACE_BOUND('',#317,.T.);
#47=FACE_BOUND('',#318,.T.);
#48=FACE_BOUND('',#319,.T.);
#49=FACE_BOUND('',#320,.T.);
#50=FACE_BOUND('',#321,.T.);
#51=FACE_BOUND('',#322,.T.);
#52=FACE_BOUND('',#323,.T.);
#53=FACE_BOUND('',#324,.T.);
#54=FACE_BOUND('',#330,.T.);
#55=FACE_BOUND('',#331,.T.);
#56=FACE_BOUND('',#332,.T.);
#57=FACE_BOUND('',#333,.T.);
#58=FACE_BOUND('',#334,.T.);
#59=FACE_BOUND('',#335,.T.);
#60=FACE_BOUND('',#336,.T.);
#61=FACE_BOUND('',#337,.T.);
#62=FACE_BOUND('',#338,.T.);
#63=FACE_BOUND('',#343,.T.);
#64=FACE_BOUND('',#344,.T.);
#65=FACE_BOUND('',#345,.T.);
#66=FACE_BOUND('',#346,.T.);
#67=FACE_BOUND('',#349,.T.);
#68=FACE_BOUND('',#352,.T.);
#69=FACE_BOUND('',#355,.T.);
#70=FACE_BOUND('',#358,.T.);
#71=CIRCLE('',#2223,5.);
#72=CIRCLE('',#2224,5.);
#73=CIRCLE('',#2226,5.);
#74=CIRCLE('',#2227,5.);
#75=CIRCLE('',#2228,5.);
#76=CIRCLE('',#2229,1.7);
#77=CIRCLE('',#2230,1.70000000000002);
#78=CIRCLE('',#2231,1.7);
#79=CIRCLE('',#2232,1.70000000000002);
#80=CIRCLE('',#2235,5.);
#81=CIRCLE('',#2237,5.);
#82=CIRCLE('',#2240,5.);
#83=CIRCLE('',#2248,3.);
#84=CIRCLE('',#2249,3.);
#85=CIRCLE('',#2251,2.99999999999997);
#86=CIRCLE('',#2252,2.99999999999997);
#87=CIRCLE('',#2254,3.00000000000004);
#88=CIRCLE('',#2255,3.00000000000004);
#89=CIRCLE('',#2257,3.);
#90=CIRCLE('',#2258,3.);
#91=CIRCLE('',#2265,1.7);
#92=CIRCLE('',#2268,1.70000000000002);
#93=CIRCLE('',#2271,1.70000000000002);
#94=CIRCLE('',#2274,1.7);
#95=CYLINDRICAL_SURFACE('',#2222,5.);
#96=CYLINDRICAL_SURFACE('',#2234,5.);
#97=CYLINDRICAL_SURFACE('',#2236,5.);
#98=CYLINDRICAL_SURFACE('',#2239,5.);
#99=CYLINDRICAL_SURFACE('',#2247,3.);
#100=CYLINDRICAL_SURFACE('',#2250,2.99999999999997);
#101=CYLINDRICAL_SURFACE('',#2253,3.00000000000004);
#102=CYLINDRICAL_SURFACE('',#2256,3.);
#103=CYLINDRICAL_SURFACE('',#2264,1.7);
#104=CYLINDRICAL_SURFACE('',#2267,1.70000000000002);
#105=CYLINDRICAL_SURFACE('',#2270,1.70000000000002);
#106=CYLINDRICAL_SURFACE('',#2273,1.7);
#107=FACE_OUTER_BOUND('',#209,.T.);
#108=FACE_OUTER_BOUND('',#210,.T.);
#109=FACE_OUTER_BOUND('',#211,.T.);
#110=FACE_OUTER_BOUND('',#212,.T.);
#111=FACE_OUTER_BOUND('',#213,.T.);
#112=FACE_OUTER_BOUND('',#214,.T.);
#113=FACE_OUTER_BOUND('',#215,.T.);
#114=FACE_OUTER_BOUND('',#216,.T.);
#115=FACE_OUTER_BOUND('',#217,.T.);
#116=FACE_OUTER_BOUND('',#218,.T.);
#117=FACE_OUTER_BOUND('',#219,.T.);
#118=FACE_OUTER_BOUND('',#220,.T.);
#119=FACE_OUTER_BOUND('',#221,.T.);
#120=FACE_OUTER_BOUND('',#222,.T.);
#121=FACE_OUTER_BOUND('',#223,.T.);
#122=FACE_OUTER_BOUND('',#224,.T.);
#123=FACE_OUTER_BOUND('',#225,.T.);
#124=FACE_OUTER_BOUND('',#226,.T.);
#125=FACE_OUTER_BOUND('',#227,.T.);
#126=FACE_OUTER_BOUND('',#228,.T.);
#127=FACE_OUTER_BOUND('',#229,.T.);
#128=FACE_OUTER_BOUND('',#230,.T.);
#129=FACE_OUTER_BOUND('',#231,.T.);
#130=FACE_OUTER_BOUND('',#232,.T.);
#131=FACE_OUTER_BOUND('',#233,.T.);
#132=FACE_OUTER_BOUND('',#234,.T.);
#133=FACE_OUTER_BOUND('',#235,.T.);
#134=FACE_OUTER_BOUND('',#236,.T.);
#135=FACE_OUTER_BOUND('',#237,.T.);
#136=FACE_OUTER_BOUND('',#238,.T.);
#137=FACE_OUTER_BOUND('',#239,.T.);
#138=FACE_OUTER_BOUND('',#240,.T.);
#139=FACE_OUTER_BOUND('',#241,.T.);
#140=FACE_OUTER_BOUND('',#242,.T.);
#141=FACE_OUTER_BOUND('',#243,.T.);
#142=FACE_OUTER_BOUND('',#244,.T.);
#143=FACE_OUTER_BOUND('',#245,.T.);
#144=FACE_OUTER_BOUND('',#246,.T.);
#145=FACE_OUTER_BOUND('',#247,.T.);
#146=FACE_OUTER_BOUND('',#248,.T.);
#147=FACE_OUTER_BOUND('',#249,.T.);
#148=FACE_OUTER_BOUND('',#250,.T.);
#149=FACE_OUTER_BOUND('',#251,.T.);
#150=FACE_OUTER_BOUND('',#252,.T.);
#151=FACE_OUTER_BOUND('',#253,.T.);
#152=FACE_OUTER_BOUND('',#254,.T.);
#153=FACE_OUTER_BOUND('',#255,.T.);
#154=FACE_OUTER_BOUND('',#256,.T.);
#155=FACE_OUTER_BOUND('',#257,.T.);
#156=FACE_OUTER_BOUND('',#258,.T.);
#157=FACE_OUTER_BOUND('',#259,.T.);
#158=FACE_OUTER_BOUND('',#260,.T.);
#159=FACE_OUTER_BOUND('',#261,.T.);
#160=FACE_OUTER_BOUND('',#262,.T.);
#161=FACE_OUTER_BOUND('',#263,.T.);
#162=FACE_OUTER_BOUND('',#264,.T.);
#163=FACE_OUTER_BOUND('',#265,.T.);
#164=FACE_OUTER_BOUND('',#266,.T.);
#165=FACE_OUTER_BOUND('',#267,.T.);
#166=FACE_OUTER_BOUND('',#268,.T.);
#167=FACE_OUTER_BOUND('',#269,.T.);
#168=FACE_OUTER_BOUND('',#270,.T.);
#169=FACE_OUTER_BOUND('',#271,.T.);
#170=FACE_OUTER_BOUND('',#272,.T.);
#171=FACE_OUTER_BOUND('',#273,.T.);
#172=FACE_OUTER_BOUND('',#274,.T.);
#173=FACE_OUTER_BOUND('',#275,.T.);
#174=FACE_OUTER_BOUND('',#276,.T.);
#175=FACE_OUTER_BOUND('',#277,.T.);
#176=FACE_OUTER_BOUND('',#278,.T.);
#177=FACE_OUTER_BOUND('',#279,.T.);
#178=FACE_OUTER_BOUND('',#280,.T.);
#179=FACE_OUTER_BOUND('',#281,.T.);
#180=FACE_OUTER_BOUND('',#282,.T.);
#181=FACE_OUTER_BOUND('',#287,.T.);
#182=FACE_OUTER_BOUND('',#297,.T.);
#183=FACE_OUTER_BOUND('',#298,.T.);
#184=FACE_OUTER_BOUND('',#299,.T.);
#185=FACE_OUTER_BOUND('',#309,.T.);
#186=FACE_OUTER_BOUND('',#310,.T.);
#187=FACE_OUTER_BOUND('',#311,.T.);
#188=FACE_OUTER_BOUND('',#312,.T.);
#189=FACE_OUTER_BOUND('',#313,.T.);
#190=FACE_OUTER_BOUND('',#314,.T.);
#191=FACE_OUTER_BOUND('',#315,.T.);
#192=FACE_OUTER_BOUND('',#325,.T.);
#193=FACE_OUTER_BOUND('',#326,.T.);
#194=FACE_OUTER_BOUND('',#327,.T.);
#195=FACE_OUTER_BOUND('',#328,.T.);
#196=FACE_OUTER_BOUND('',#329,.T.);
#197=FACE_OUTER_BOUND('',#339,.T.);
#198=FACE_OUTER_BOUND('',#340,.T.);
#199=FACE_OUTER_BOUND('',#341,.T.);
#200=FACE_OUTER_BOUND('',#342,.T.);
#201=FACE_OUTER_BOUND('',#347,.T.);
#202=FACE_OUTER_BOUND('',#348,.T.);
#203=FACE_OUTER_BOUND('',#350,.T.);
#204=FACE_OUTER_BOUND('',#351,.T.);
#205=FACE_OUTER_BOUND('',#353,.T.);
#206=FACE_OUTER_BOUND('',#354,.T.);
#207=FACE_OUTER_BOUND('',#356,.T.);
#208=FACE_OUTER_BOUND('',#357,.T.);
#209=EDGE_LOOP('',(#1367,#1368,#1369,#1370));
#210=EDGE_LOOP('',(#1371,#1372,#1373,#1374));
#211=EDGE_LOOP('',(#1375,#1376,#1377,#1378));
#212=EDGE_LOOP('',(#1379,#1380,#1381,#1382));
#213=EDGE_LOOP('',(#1383,#1384,#1385,#1386));
#214=EDGE_LOOP('',(#1387,#1388,#1389,#1390));
#215=EDGE_LOOP('',(#1391,#1392,#1393,#1394));
#216=EDGE_LOOP('',(#1395,#1396,#1397,#1398));
#217=EDGE_LOOP('',(#1399,#1400,#1401,#1402));
#218=EDGE_LOOP('',(#1403,#1404,#1405,#1406));
#219=EDGE_LOOP('',(#1407,#1408,#1409,#1410));
#220=EDGE_LOOP('',(#1411,#1412,#1413,#1414));
#221=EDGE_LOOP('',(#1415,#1416,#1417,#1418));
#222=EDGE_LOOP('',(#1419,#1420,#1421,#1422));
#223=EDGE_LOOP('',(#1423,#1424,#1425,#1426));
#224=EDGE_LOOP('',(#1427,#1428,#1429,#1430));
#225=EDGE_LOOP('',(#1431,#1432,#1433,#1434));
#226=EDGE_LOOP('',(#1435,#1436,#1437,#1438));
#227=EDGE_LOOP('',(#1439,#1440,#1441,#1442));
#228=EDGE_LOOP('',(#1443,#1444,#1445,#1446));
#229=EDGE_LOOP('',(#1447,#1448,#1449,#1450));
#230=EDGE_LOOP('',(#1451,#1452,#1453,#1454));
#231=EDGE_LOOP('',(#1455,#1456,#1457,#1458));
#232=EDGE_LOOP('',(#1459,#1460,#1461,#1462));
#233=EDGE_LOOP('',(#1463,#1464,#1465,#1466));
#234=EDGE_LOOP('',(#1467,#1468,#1469,#1470));
#235=EDGE_LOOP('',(#1471,#1472,#1473,#1474));
#236=EDGE_LOOP('',(#1475,#1476,#1477,#1478));
#237=EDGE_LOOP('',(#1479,#1480,#1481,#1482));
#238=EDGE_LOOP('',(#1483,#1484,#1485,#1486));
#239=EDGE_LOOP('',(#1487,#1488,#1489,#1490));
#240=EDGE_LOOP('',(#1491,#1492,#1493,#1494));
#241=EDGE_LOOP('',(#1495,#1496,#1497,#1498));
#242=EDGE_LOOP('',(#1499,#1500,#1501,#1502));
#243=EDGE_LOOP('',(#1503,#1504,#1505,#1506));
#244=EDGE_LOOP('',(#1507,#1508,#1509,#1510));
#245=EDGE_LOOP('',(#1511,#1512,#1513,#1514));
#246=EDGE_LOOP('',(#1515,#1516,#1517,#1518));
#247=EDGE_LOOP('',(#1519,#1520,#1521,#1522));
#248=EDGE_LOOP('',(#1523,#1524,#1525,#1526));
#249=EDGE_LOOP('',(#1527,#1528,#1529,#1530));
#250=EDGE_LOOP('',(#1531,#1532,#1533,#1534));
#251=EDGE_LOOP('',(#1535,#1536,#1537,#1538));
#252=EDGE_LOOP('',(#1539,#1540,#1541,#1542));
#253=EDGE_LOOP('',(#1543,#1544,#1545,#1546));
#254=EDGE_LOOP('',(#1547,#1548,#1549,#1550));
#255=EDGE_LOOP('',(#1551,#1552,#1553,#1554));
#256=EDGE_LOOP('',(#1555,#1556,#1557,#1558));
#257=EDGE_LOOP('',(#1559,#1560,#1561,#1562));
#258=EDGE_LOOP('',(#1563,#1564,#1565,#1566));
#259=EDGE_LOOP('',(#1567,#1568,#1569,#1570));
#260=EDGE_LOOP('',(#1571,#1572,#1573,#1574));
#261=EDGE_LOOP('',(#1575,#1576,#1577,#1578));
#262=EDGE_LOOP('',(#1579,#1580,#1581,#1582));
#263=EDGE_LOOP('',(#1583,#1584,#1585,#1586));
#264=EDGE_LOOP('',(#1587,#1588,#1589,#1590));
#265=EDGE_LOOP('',(#1591,#1592,#1593,#1594));
#266=EDGE_LOOP('',(#1595,#1596,#1597,#1598));
#267=EDGE_LOOP('',(#1599,#1600,#1601,#1602));
#268=EDGE_LOOP('',(#1603,#1604,#1605,#1606));
#269=EDGE_LOOP('',(#1607,#1608,#1609,#1610));
#270=EDGE_LOOP('',(#1611,#1612,#1613,#1614));
#271=EDGE_LOOP('',(#1615,#1616,#1617,#1618));
#272=EDGE_LOOP('',(#1619,#1620,#1621,#1622));
#273=EDGE_LOOP('',(#1623,#1624,#1625,#1626));
#274=EDGE_LOOP('',(#1627,#1628,#1629,#1630));
#275=EDGE_LOOP('',(#1631,#1632,#1633,#1634));
#276=EDGE_LOOP('',(#1635,#1636,#1637,#1638));
#277=EDGE_LOOP('',(#1639,#1640,#1641,#1642));
#278=EDGE_LOOP('',(#1643,#1644,#1645,#1646));
#279=EDGE_LOOP('',(#1647,#1648,#1649,#1650));
#280=EDGE_LOOP('',(#1651,#1652,#1653,#1654));
#281=EDGE_LOOP('',(#1655,#1656,#1657,#1658));
#282=EDGE_LOOP('',(#1659,#1660,#1661,#1662,#1663,#1664,#1665,#1666,#1667,
#1668,#1669,#1670,#1671,#1672,#1673,#1674));
#283=EDGE_LOOP('',(#1675));
#284=EDGE_LOOP('',(#1676));
#285=EDGE_LOOP('',(#1677));
#286=EDGE_LOOP('',(#1678));
#287=EDGE_LOOP('',(#1679,#1680,#1681,#1682));
#288=EDGE_LOOP('',(#1683,#1684,#1685,#1686));
#289=EDGE_LOOP('',(#1687,#1688,#1689,#1690));
#290=EDGE_LOOP('',(#1691,#1692,#1693,#1694));
#291=EDGE_LOOP('',(#1695,#1696,#1697,#1698));
#292=EDGE_LOOP('',(#1699,#1700,#1701,#1702));
#293=EDGE_LOOP('',(#1703,#1704,#1705,#1706));
#294=EDGE_LOOP('',(#1707,#1708,#1709,#1710));
#295=EDGE_LOOP('',(#1711,#1712,#1713,#1714));
#296=EDGE_LOOP('',(#1715,#1716,#1717,#1718));
#297=EDGE_LOOP('',(#1719,#1720,#1721,#1722));
#298=EDGE_LOOP('',(#1723,#1724,#1725,#1726));
#299=EDGE_LOOP('',(#1727,#1728,#1729,#1730));
#300=EDGE_LOOP('',(#1731,#1732,#1733,#1734));
#301=EDGE_LOOP('',(#1735,#1736,#1737,#1738));
#302=EDGE_LOOP('',(#1739,#1740,#1741,#1742));
#303=EDGE_LOOP('',(#1743,#1744,#1745,#1746));
#304=EDGE_LOOP('',(#1747,#1748,#1749,#1750));
#305=EDGE_LOOP('',(#1751,#1752,#1753,#1754));
#306=EDGE_LOOP('',(#1755,#1756,#1757,#1758));
#307=EDGE_LOOP('',(#1759,#1760,#1761,#1762));
#308=EDGE_LOOP('',(#1763,#1764,#1765,#1766));
#309=EDGE_LOOP('',(#1767,#1768,#1769,#1770));
#310=EDGE_LOOP('',(#1771,#1772,#1773,#1774));
#311=EDGE_LOOP('',(#1775,#1776,#1777,#1778));
#312=EDGE_LOOP('',(#1779,#1780,#1781,#1782));
#313=EDGE_LOOP('',(#1783,#1784,#1785,#1786,#1787,#1788,#1789,#1790));
#314=EDGE_LOOP('',(#1791,#1792,#1793,#1794));
#315=EDGE_LOOP('',(#1795,#1796,#1797,#1798));
#316=EDGE_LOOP('',(#1799,#1800,#1801,#1802));
#317=EDGE_LOOP('',(#1803,#1804,#1805,#1806));
#318=EDGE_LOOP('',(#1807,#1808,#1809,#1810));
#319=EDGE_LOOP('',(#1811,#1812,#1813,#1814));
#320=EDGE_LOOP('',(#1815,#1816,#1817,#1818));
#321=EDGE_LOOP('',(#1819,#1820,#1821,#1822));
#322=EDGE_LOOP('',(#1823,#1824,#1825,#1826));
#323=EDGE_LOOP('',(#1827,#1828,#1829,#1830));
#324=EDGE_LOOP('',(#1831,#1832,#1833,#1834));
#325=EDGE_LOOP('',(#1835,#1836,#1837,#1838));
#326=EDGE_LOOP('',(#1839,#1840,#1841,#1842));
#327=EDGE_LOOP('',(#1843,#1844,#1845,#1846));
#328=EDGE_LOOP('',(#1847,#1848,#1849,#1850));
#329=EDGE_LOOP('',(#1851,#1852,#1853,#1854));
#330=EDGE_LOOP('',(#1855,#1856,#1857,#1858));
#331=EDGE_LOOP('',(#1859,#1860,#1861,#1862));
#332=EDGE_LOOP('',(#1863,#1864,#1865,#1866));
#333=EDGE_LOOP('',(#1867,#1868,#1869,#1870));
#334=EDGE_LOOP('',(#1871,#1872,#1873,#1874));
#335=EDGE_LOOP('',(#1875,#1876,#1877,#1878));
#336=EDGE_LOOP('',(#1879,#1880,#1881,#1882));
#337=EDGE_LOOP('',(#1883,#1884,#1885,#1886));
#338=EDGE_LOOP('',(#1887,#1888,#1889,#1890));
#339=EDGE_LOOP('',(#1891,#1892,#1893,#1894));
#340=EDGE_LOOP('',(#1895,#1896,#1897,#1898,#1899,#1900,#1901,#1902));
#341=EDGE_LOOP('',(#1903,#1904,#1905,#1906));
#342=EDGE_LOOP('',(#1907,#1908,#1909,#1910,#1911,#1912,#1913,#1914));
#343=EDGE_LOOP('',(#1915));
#344=EDGE_LOOP('',(#1916));
#345=EDGE_LOOP('',(#1917));
#346=EDGE_LOOP('',(#1918));
#347=EDGE_LOOP('',(#1919,#1920,#1921,#1922));
#348=EDGE_LOOP('',(#1923));
#349=EDGE_LOOP('',(#1924));
#350=EDGE_LOOP('',(#1925,#1926,#1927,#1928));
#351=EDGE_LOOP('',(#1929));
#352=EDGE_LOOP('',(#1930));
#353=EDGE_LOOP('',(#1931,#1932,#1933,#1934));
#354=EDGE_LOOP('',(#1935));
#355=EDGE_LOOP('',(#1936));
#356=EDGE_LOOP('',(#1937,#1938,#1939,#1940));
#357=EDGE_LOOP('',(#1941));
#358=EDGE_LOOP('',(#1942));
#359=LINE('',#2807,#623);
#360=LINE('',#2809,#624);
#361=LINE('',#2811,#625);
#362=LINE('',#2812,#626);
#363=LINE('',#2816,#627);
#364=LINE('',#2818,#628);
#365=LINE('',#2820,#629);
#366=LINE('',#2821,#630);
#367=LINE('',#2824,#631);
#368=LINE('',#2826,#632);
#369=LINE('',#2827,#633);
#370=LINE('',#2830,#634);
#371=LINE('',#2832,#635);
#372=LINE('',#2833,#636);
#373=LINE('',#2836,#637);
#374=LINE('',#2838,#638);
#375=LINE('',#2839,#639);
#376=LINE('',#2841,#640);
#377=LINE('',#2842,#641);
#378=LINE('',#2845,#642);
#379=LINE('',#2847,#643);
#380=LINE('',#2848,#644);
#381=LINE('',#2850,#645);
#382=LINE('',#2851,#646);
#383=LINE('',#2855,#647);
#384=LINE('',#2857,#648);
#385=LINE('',#2859,#649);
#386=LINE('',#2860,#650);
#387=LINE('',#2864,#651);
#388=LINE('',#2866,#652);
#389=LINE('',#2868,#653);
#390=LINE('',#2869,#654);
#391=LINE('',#2872,#655);
#392=LINE('',#2874,#656);
#393=LINE('',#2875,#657);
#394=LINE('',#2878,#658);
#395=LINE('',#2880,#659);
#396=LINE('',#2881,#660);
#397=LINE('',#2884,#661);
#398=LINE('',#2886,#662);
#399=LINE('',#2887,#663);
#400=LINE('',#2889,#664);
#401=LINE('',#2890,#665);
#402=LINE('',#2893,#666);
#403=LINE('',#2895,#667);
#404=LINE('',#2896,#668);
#405=LINE('',#2898,#669);
#406=LINE('',#2899,#670);
#407=LINE('',#2903,#671);
#408=LINE('',#2905,#672);
#409=LINE('',#2907,#673);
#410=LINE('',#2908,#674);
#411=LINE('',#2912,#675);
#412=LINE('',#2914,#676);
#413=LINE('',#2916,#677);
#414=LINE('',#2917,#678);
#415=LINE('',#2920,#679);
#416=LINE('',#2922,#680);
#417=LINE('',#2923,#681);
#418=LINE('',#2926,#682);
#419=LINE('',#2928,#683);
#420=LINE('',#2929,#684);
#421=LINE('',#2932,#685);
#422=LINE('',#2934,#686);
#423=LINE('',#2935,#687);
#424=LINE('',#2937,#688);
#425=LINE('',#2938,#689);
#426=LINE('',#2941,#690);
#427=LINE('',#2943,#691);
#428=LINE('',#2944,#692);
#429=LINE('',#2946,#693);
#430=LINE('',#2947,#694);
#431=LINE('',#2951,#695);
#432=LINE('',#2953,#696);
#433=LINE('',#2955,#697);
#434=LINE('',#2956,#698);
#435=LINE('',#2960,#699);
#436=LINE('',#2962,#700);
#437=LINE('',#2964,#701);
#438=LINE('',#2965,#702);
#439=LINE('',#2968,#703);
#440=LINE('',#2970,#704);
#441=LINE('',#2971,#705);
#442=LINE('',#2974,#706);
#443=LINE('',#2976,#707);
#444=LINE('',#2977,#708);
#445=LINE('',#2980,#709);
#446=LINE('',#2982,#710);
#447=LINE('',#2983,#711);
#448=LINE('',#2985,#712);
#449=LINE('',#2986,#713);
#450=LINE('',#2989,#714);
#451=LINE('',#2991,#715);
#452=LINE('',#2992,#716);
#453=LINE('',#2994,#717);
#454=LINE('',#2995,#718);
#455=LINE('',#2999,#719);
#456=LINE('',#3001,#720);
#457=LINE('',#3003,#721);
#458=LINE('',#3004,#722);
#459=LINE('',#3008,#723);
#460=LINE('',#3010,#724);
#461=LINE('',#3012,#725);
#462=LINE('',#3013,#726);
#463=LINE('',#3016,#727);
#464=LINE('',#3018,#728);
#465=LINE('',#3019,#729);
#466=LINE('',#3022,#730);
#467=LINE('',#3024,#731);
#468=LINE('',#3025,#732);
#469=LINE('',#3028,#733);
#470=LINE('',#3030,#734);
#471=LINE('',#3031,#735);
#472=LINE('',#3033,#736);
#473=LINE('',#3034,#737);
#474=LINE('',#3037,#738);
#475=LINE('',#3039,#739);
#476=LINE('',#3040,#740);
#477=LINE('',#3042,#741);
#478=LINE('',#3043,#742);
#479=LINE('',#3047,#743);
#480=LINE('',#3049,#744);
#481=LINE('',#3051,#745);
#482=LINE('',#3052,#746);
#483=LINE('',#3056,#747);
#484=LINE('',#3058,#748);
#485=LINE('',#3060,#749);
#486=LINE('',#3061,#750);
#487=LINE('',#3064,#751);
#488=LINE('',#3066,#752);
#489=LINE('',#3067,#753);
#490=LINE('',#3070,#754);
#491=LINE('',#3072,#755);
#492=LINE('',#3073,#756);
#493=LINE('',#3076,#757);
#494=LINE('',#3078,#758);
#495=LINE('',#3079,#759);
#496=LINE('',#3081,#760);
#497=LINE('',#3082,#761);
#498=LINE('',#3085,#762);
#499=LINE('',#3087,#763);
#500=LINE('',#3088,#764);
#501=LINE('',#3090,#765);
#502=LINE('',#3091,#766);
#503=LINE('',#3095,#767);
#504=LINE('',#3097,#768);
#505=LINE('',#3099,#769);
#506=LINE('',#3100,#770);
#507=LINE('',#3104,#771);
#508=LINE('',#3106,#772);
#509=LINE('',#3108,#773);
#510=LINE('',#3109,#774);
#511=LINE('',#3112,#775);
#512=LINE('',#3114,#776);
#513=LINE('',#3115,#777);
#514=LINE('',#3118,#778);
#515=LINE('',#3120,#779);
#516=LINE('',#3121,#780);
#517=LINE('',#3124,#781);
#518=LINE('',#3126,#782);
#519=LINE('',#3127,#783);
#520=LINE('',#3129,#784);
#521=LINE('',#3130,#785);
#522=LINE('',#3133,#786);
#523=LINE('',#3135,#787);
#524=LINE('',#3136,#788);
#525=LINE('',#3138,#789);
#526=LINE('',#3139,#790);
#527=LINE('',#3143,#791);
#528=LINE('',#3145,#792);
#529=LINE('',#3147,#793);
#530=LINE('',#3148,#794);
#531=LINE('',#3152,#795);
#532=LINE('',#3154,#796);
#533=LINE('',#3156,#797);
#534=LINE('',#3157,#798);
#535=LINE('',#3160,#799);
#536=LINE('',#3162,#800);
#537=LINE('',#3163,#801);
#538=LINE('',#3166,#802);
#539=LINE('',#3168,#803);
#540=LINE('',#3169,#804);
#541=LINE('',#3172,#805);
#542=LINE('',#3174,#806);
#543=LINE('',#3175,#807);
#544=LINE('',#3177,#808);
#545=LINE('',#3178,#809);
#546=LINE('',#3181,#810);
#547=LINE('',#3183,#811);
#548=LINE('',#3184,#812);
#549=LINE('',#3186,#813);
#550=LINE('',#3187,#814);
#551=LINE('',#3191,#815);
#552=LINE('',#3193,#816);
#553=LINE('',#3195,#817);
#554=LINE('',#3196,#818);
#555=LINE('',#3200,#819);
#556=LINE('',#3202,#820);
#557=LINE('',#3204,#821);
#558=LINE('',#3205,#822);
#559=LINE('',#3208,#823);
#560=LINE('',#3210,#824);
#561=LINE('',#3211,#825);
#562=LINE('',#3214,#826);
#563=LINE('',#3216,#827);
#564=LINE('',#3217,#828);
#565=LINE('',#3220,#829);
#566=LINE('',#3222,#830);
#567=LINE('',#3223,#831);
#568=LINE('',#3225,#832);
#569=LINE('',#3226,#833);
#570=LINE('',#3229,#834);
#571=LINE('',#3231,#835);
#572=LINE('',#3232,#836);
#573=LINE('',#3234,#837);
#574=LINE('',#3235,#838);
#575=LINE('',#3241,#839);
#576=LINE('',#3244,#840);
#577=LINE('',#3247,#841);
#578=LINE('',#3251,#842);
#579=LINE('',#3255,#843);
#580=LINE('',#3259,#844);
#581=LINE('',#3261,#845);
#582=LINE('',#3263,#846);
#583=LINE('',#3265,#847);
#584=LINE('',#3267,#848);
#585=LINE('',#3269,#849);
#586=LINE('',#3271,#850);
#587=LINE('',#3273,#851);
#588=LINE('',#3274,#852);
#589=LINE('',#3285,#853);
#590=LINE('',#3286,#854);
#591=LINE('',#3290,#855);
#592=LINE('',#3293,#856);
#593=LINE('',#3296,#857);
#594=LINE('',#3299,#858);
#595=LINE('',#3300,#859);
#596=LINE('',#3304,#860);
#597=LINE('',#3307,#861);
#598=LINE('',#3309,#862);
#599=LINE('',#3310,#863);
#600=LINE('',#3313,#864);
#601=LINE('',#3315,#865);
#602=LINE('',#3316,#866);
#603=LINE('',#3318,#867);
#604=LINE('',#3319,#868);
#605=LINE('',#3322,#869);
#606=LINE('',#3324,#870);
#607=LINE('',#3325,#871);
#608=LINE('',#3329,#872);
#609=LINE('',#3330,#873);
#610=LINE('',#3331,#874);
#611=LINE('',#3333,#875);
#612=LINE('',#3338,#876);
#613=LINE('',#3344,#877);
#614=LINE('',#3350,#878);
#615=LINE('',#3356,#879);
#616=LINE('',#3359,#880);
#617=LINE('',#3362,#881);
#618=LINE('',#3364,#882);
#619=LINE('',#3368,#883);
#620=LINE('',#3373,#884);
#621=LINE('',#3378,#885);
#622=LINE('',#3383,#886);
#623=VECTOR('',#2284,10.);
#624=VECTOR('',#2285,10.);
#625=VECTOR('',#2286,10.);
#626=VECTOR('',#2287,10.);
#627=VECTOR('',#2290,10.);
#628=VECTOR('',#2291,10.);
#629=VECTOR('',#2292,10.);
#630=VECTOR('',#2293,10.);
#631=VECTOR('',#2296,10.);
#632=VECTOR('',#2297,10.);
#633=VECTOR('',#2298,10.);
#634=VECTOR('',#2301,10.);
#635=VECTOR('',#2302,10.);
#636=VECTOR('',#2303,10.);
#637=VECTOR('',#2306,10.);
#638=VECTOR('',#2307,10.);
#639=VECTOR('',#2308,10.);
#640=VECTOR('',#2311,10.);
#641=VECTOR('',#2312,10.);
#642=VECTOR('',#2315,10.);
#643=VECTOR('',#2316,10.);
#644=VECTOR('',#2317,10.);
#645=VECTOR('',#2320,10.);
#646=VECTOR('',#2321,10.);
#647=VECTOR('',#2324,10.);
#648=VECTOR('',#2325,10.);
#649=VECTOR('',#2326,10.);
#650=VECTOR('',#2327,10.);
#651=VECTOR('',#2330,10.);
#652=VECTOR('',#2331,10.);
#653=VECTOR('',#2332,10.);
#654=VECTOR('',#2333,10.);
#655=VECTOR('',#2336,10.);
#656=VECTOR('',#2337,10.);
#657=VECTOR('',#2338,10.);
#658=VECTOR('',#2341,10.);
#659=VECTOR('',#2342,10.);
#660=VECTOR('',#2343,10.);
#661=VECTOR('',#2346,10.);
#662=VECTOR('',#2347,10.);
#663=VECTOR('',#2348,10.);
#664=VECTOR('',#2351,10.);
#665=VECTOR('',#2352,10.);
#666=VECTOR('',#2355,10.);
#667=VECTOR('',#2356,10.);
#668=VECTOR('',#2357,10.);
#669=VECTOR('',#2360,10.);
#670=VECTOR('',#2361,10.);
#671=VECTOR('',#2364,10.);
#672=VECTOR('',#2365,10.);
#673=VECTOR('',#2366,10.);
#674=VECTOR('',#2367,10.);
#675=VECTOR('',#2370,10.);
#676=VECTOR('',#2371,10.);
#677=VECTOR('',#2372,10.);
#678=VECTOR('',#2373,10.);
#679=VECTOR('',#2376,10.);
#680=VECTOR('',#2377,10.);
#681=VECTOR('',#2378,10.);
#682=VECTOR('',#2381,10.);
#683=VECTOR('',#2382,10.);
#684=VECTOR('',#2383,10.);
#685=VECTOR('',#2386,10.);
#686=VECTOR('',#2387,10.);
#687=VECTOR('',#2388,10.);
#688=VECTOR('',#2391,10.);
#689=VECTOR('',#2392,10.);
#690=VECTOR('',#2395,10.);
#691=VECTOR('',#2396,10.);
#692=VECTOR('',#2397,10.);
#693=VECTOR('',#2400,10.);
#694=VECTOR('',#2401,10.);
#695=VECTOR('',#2404,10.);
#696=VECTOR('',#2405,10.);
#697=VECTOR('',#2406,10.);
#698=VECTOR('',#2407,10.);
#699=VECTOR('',#2410,10.);
#700=VECTOR('',#2411,10.);
#701=VECTOR('',#2412,10.);
#702=VECTOR('',#2413,10.);
#703=VECTOR('',#2416,10.);
#704=VECTOR('',#2417,10.);
#705=VECTOR('',#2418,10.);
#706=VECTOR('',#2421,10.);
#707=VECTOR('',#2422,10.);
#708=VECTOR('',#2423,10.);
#709=VECTOR('',#2426,10.);
#710=VECTOR('',#2427,10.);
#711=VECTOR('',#2428,10.);
#712=VECTOR('',#2431,10.);
#713=VECTOR('',#2432,10.);
#714=VECTOR('',#2435,10.);
#715=VECTOR('',#2436,10.);
#716=VECTOR('',#2437,10.);
#717=VECTOR('',#2440,10.);
#718=VECTOR('',#2441,10.);
#719=VECTOR('',#2444,10.);
#720=VECTOR('',#2445,10.);
#721=VECTOR('',#2446,10.);
#722=VECTOR('',#2447,10.);
#723=VECTOR('',#2450,10.);
#724=VECTOR('',#2451,10.);
#725=VECTOR('',#2452,10.);
#726=VECTOR('',#2453,10.);
#727=VECTOR('',#2456,10.);
#728=VECTOR('',#2457,10.);
#729=VECTOR('',#2458,10.);
#730=VECTOR('',#2461,10.);
#731=VECTOR('',#2462,10.);
#732=VECTOR('',#2463,10.);
#733=VECTOR('',#2466,10.);
#734=VECTOR('',#2467,10.);
#735=VECTOR('',#2468,10.);
#736=VECTOR('',#2471,10.);
#737=VECTOR('',#2472,10.);
#738=VECTOR('',#2475,10.);
#739=VECTOR('',#2476,10.);
#740=VECTOR('',#2477,10.);
#741=VECTOR('',#2480,10.);
#742=VECTOR('',#2481,10.);
#743=VECTOR('',#2484,10.);
#744=VECTOR('',#2485,10.);
#745=VECTOR('',#2486,10.);
#746=VECTOR('',#2487,10.);
#747=VECTOR('',#2490,10.);
#748=VECTOR('',#2491,10.);
#749=VECTOR('',#2492,10.);
#750=VECTOR('',#2493,10.);
#751=VECTOR('',#2496,10.);
#752=VECTOR('',#2497,10.);
#753=VECTOR('',#2498,10.);
#754=VECTOR('',#2501,10.);
#755=VECTOR('',#2502,10.);
#756=VECTOR('',#2503,10.);
#757=VECTOR('',#2506,10.);
#758=VECTOR('',#2507,10.);
#759=VECTOR('',#2508,10.);
#760=VECTOR('',#2511,10.);
#761=VECTOR('',#2512,10.);
#762=VECTOR('',#2515,10.);
#763=VECTOR('',#2516,10.);
#764=VECTOR('',#2517,10.);
#765=VECTOR('',#2520,10.);
#766=VECTOR('',#2521,10.);
#767=VECTOR('',#2524,10.);
#768=VECTOR('',#2525,10.);
#769=VECTOR('',#2526,10.);
#770=VECTOR('',#2527,10.);
#771=VECTOR('',#2530,10.);
#772=VECTOR('',#2531,10.);
#773=VECTOR('',#2532,10.);
#774=VECTOR('',#2533,10.);
#775=VECTOR('',#2536,10.);
#776=VECTOR('',#2537,10.);
#777=VECTOR('',#2538,10.);
#778=VECTOR('',#2541,10.);
#779=VECTOR('',#2542,10.);
#780=VECTOR('',#2543,10.);
#781=VECTOR('',#2546,10.);
#782=VECTOR('',#2547,10.);
#783=VECTOR('',#2548,10.);
#784=VECTOR('',#2551,10.);
#785=VECTOR('',#2552,10.);
#786=VECTOR('',#2555,10.);
#787=VECTOR('',#2556,10.);
#788=VECTOR('',#2557,10.);
#789=VECTOR('',#2560,10.);
#790=VECTOR('',#2561,10.);
#791=VECTOR('',#2564,10.);
#792=VECTOR('',#2565,10.);
#793=VECTOR('',#2566,10.);
#794=VECTOR('',#2567,10.);
#795=VECTOR('',#2570,10.);
#796=VECTOR('',#2571,10.);
#797=VECTOR('',#2572,10.);
#798=VECTOR('',#2573,10.);
#799=VECTOR('',#2576,10.);
#800=VECTOR('',#2577,10.);
#801=VECTOR('',#2578,10.);
#802=VECTOR('',#2581,10.);
#803=VECTOR('',#2582,10.);
#804=VECTOR('',#2583,10.);
#805=VECTOR('',#2586,10.);
#806=VECTOR('',#2587,10.);
#807=VECTOR('',#2588,10.);
#808=VECTOR('',#2591,10.);
#809=VECTOR('',#2592,10.);
#810=VECTOR('',#2595,10.);
#811=VECTOR('',#2596,10.);
#812=VECTOR('',#2597,10.);
#813=VECTOR('',#2600,10.);
#814=VECTOR('',#2601,10.);
#815=VECTOR('',#2604,10.);
#816=VECTOR('',#2605,10.);
#817=VECTOR('',#2606,10.);
#818=VECTOR('',#2607,10.);
#819=VECTOR('',#2610,10.);
#820=VECTOR('',#2611,10.);
#821=VECTOR('',#2612,10.);
#822=VECTOR('',#2613,10.);
#823=VECTOR('',#2616,10.);
#824=VECTOR('',#2617,10.);
#825=VECTOR('',#2618,10.);
#826=VECTOR('',#2621,10.);
#827=VECTOR('',#2622,10.);
#828=VECTOR('',#2623,10.);
#829=VECTOR('',#2626,10.);
#830=VECTOR('',#2627,10.);
#831=VECTOR('',#2628,10.);
#832=VECTOR('',#2631,10.);
#833=VECTOR('',#2632,10.);
#834=VECTOR('',#2635,10.);
#835=VECTOR('',#2636,10.);
#836=VECTOR('',#2637,10.);
#837=VECTOR('',#2640,10.);
#838=VECTOR('',#2641,10.);
#839=VECTOR('',#2646,10.);
#840=VECTOR('',#2649,10.);
#841=VECTOR('',#2652,10.);
#842=VECTOR('',#2655,10.);
#843=VECTOR('',#2658,10.);
#844=VECTOR('',#2661,10.);
#845=VECTOR('',#2662,10.);
#846=VECTOR('',#2663,10.);
#847=VECTOR('',#2664,10.);
#848=VECTOR('',#2665,10.);
#849=VECTOR('',#2666,10.);
#850=VECTOR('',#2667,10.);
#851=VECTOR('',#2668,10.);
#852=VECTOR('',#2669,10.);
#853=VECTOR('',#2680,10.);
#854=VECTOR('',#2681,10.);
#855=VECTOR('',#2686,10.);
#856=VECTOR('',#2689,10.);
#857=VECTOR('',#2692,10.);
#858=VECTOR('',#2695,10.);
#859=VECTOR('',#2696,10.);
#860=VECTOR('',#2701,10.);
#861=VECTOR('',#2704,10.);
#862=VECTOR('',#2705,10.);
#863=VECTOR('',#2706,10.);
#864=VECTOR('',#2709,10.);
#865=VECTOR('',#2710,10.);
#866=VECTOR('',#2711,10.);
#867=VECTOR('',#2714,10.);
#868=VECTOR('',#2715,10.);
#869=VECTOR('',#2718,10.);
#870=VECTOR('',#2719,10.);
#871=VECTOR('',#2720,10.);
#872=VECTOR('',#2723,10.);
#873=VECTOR('',#2724,10.);
#874=VECTOR('',#2725,10.);
#875=VECTOR('',#2728,10.);
#876=VECTOR('',#2733,3.);
#877=VECTOR('',#2740,2.99999999999997);
#878=VECTOR('',#2747,3.00000000000004);
#879=VECTOR('',#2754,3.);
#880=VECTOR('',#2759,10.);
#881=VECTOR('',#2764,10.);
#882=VECTOR('',#2767,10.);
#883=VECTOR('',#2772,1.7);
#884=VECTOR('',#2779,1.70000000000002);
#885=VECTOR('',#2786,1.70000000000002);
#886=VECTOR('',#2793,1.7);
#887=VERTEX_POINT('',#2805);
#888=VERTEX_POINT('',#2806);
#889=VERTEX_POINT('',#2808);
#890=VERTEX_POINT('',#2810);
#891=VERTEX_POINT('',#2814);
#892=VERTEX_POINT('',#2815);
#893=VERTEX_POINT('',#2817);
#894=VERTEX_POINT('',#2819);
#895=VERTEX_POINT('',#2823);
#896=VERTEX_POINT('',#2825);
#897=VERTEX_POINT('',#2829);
#898=VERTEX_POINT('',#2831);
#899=VERTEX_POINT('',#2835);
#900=VERTEX_POINT('',#2837);
#901=VERTEX_POINT('',#2844);
#902=VERTEX_POINT('',#2846);
#903=VERTEX_POINT('',#2853);
#904=VERTEX_POINT('',#2854);
#905=VERTEX_POINT('',#2856);
#906=VERTEX_POINT('',#2858);
#907=VERTEX_POINT('',#2862);
#908=VERTEX_POINT('',#2863);
#909=VERTEX_POINT('',#2865);
#910=VERTEX_POINT('',#2867);
#911=VERTEX_POINT('',#2871);
#912=VERTEX_POINT('',#2873);
#913=VERTEX_POINT('',#2877);
#914=VERTEX_POINT('',#2879);
#915=VERTEX_POINT('',#2883);
#916=VERTEX_POINT('',#2885);
#917=VERTEX_POINT('',#2892);
#918=VERTEX_POINT('',#2894);
#919=VERTEX_POINT('',#2901);
#920=VERTEX_POINT('',#2902);
#921=VERTEX_POINT('',#2904);
#922=VERTEX_POINT('',#2906);
#923=VERTEX_POINT('',#2910);
#924=VERTEX_POINT('',#2911);
#925=VERTEX_POINT('',#2913);
#926=VERTEX_POINT('',#2915);
#927=VERTEX_POINT('',#2919);
#928=VERTEX_POINT('',#2921);
#929=VERTEX_POINT('',#2925);
#930=VERTEX_POINT('',#2927);
#931=VERTEX_POINT('',#2931);
#932=VERTEX_POINT('',#2933);
#933=VERTEX_POINT('',#2940);
#934=VERTEX_POINT('',#2942);
#935=VERTEX_POINT('',#2949);
#936=VERTEX_POINT('',#2950);
#937=VERTEX_POINT('',#2952);
#938=VERTEX_POINT('',#2954);
#939=VERTEX_POINT('',#2958);
#940=VERTEX_POINT('',#2959);
#941=VERTEX_POINT('',#2961);
#942=VERTEX_POINT('',#2963);
#943=VERTEX_POINT('',#2967);
#944=VERTEX_POINT('',#2969);
#945=VERTEX_POINT('',#2973);
#946=VERTEX_POINT('',#2975);
#947=VERTEX_POINT('',#2979);
#948=VERTEX_POINT('',#2981);
#949=VERTEX_POINT('',#2988);
#950=VERTEX_POINT('',#2990);
#951=VERTEX_POINT('',#2997);
#952=VERTEX_POINT('',#2998);
#953=VERTEX_POINT('',#3000);
#954=VERTEX_POINT('',#3002);
#955=VERTEX_POINT('',#3006);
#956=VERTEX_POINT('',#3007);
#957=VERTEX_POINT('',#3009);
#958=VERTEX_POINT('',#3011);
#959=VERTEX_POINT('',#3015);
#960=VERTEX_POINT('',#3017);
#961=VERTEX_POINT('',#3021);
#962=VERTEX_POINT('',#3023);
#963=VERTEX_POINT('',#3027);
#964=VERTEX_POINT('',#3029);
#965=VERTEX_POINT('',#3036);
#966=VERTEX_POINT('',#3038);
#967=VERTEX_POINT('',#3045);
#968=VERTEX_POINT('',#3046);
#969=VERTEX_POINT('',#3048);
#970=VERTEX_POINT('',#3050);
#971=VERTEX_POINT('',#3054);
#972=VERTEX_POINT('',#3055);
#973=VERTEX_POINT('',#3057);
#974=VERTEX_POINT('',#3059);
#975=VERTEX_POINT('',#3063);
#976=VERTEX_POINT('',#3065);
#977=VERTEX_POINT('',#3069);
#978=VERTEX_POINT('',#3071);
#979=VERTEX_POINT('',#3075);
#980=VERTEX_POINT('',#3077);
#981=VERTEX_POINT('',#3084);
#982=VERTEX_POINT('',#3086);
#983=VERTEX_POINT('',#3093);
#984=VERTEX_POINT('',#3094);
#985=VERTEX_POINT('',#3096);
#986=VERTEX_POINT('',#3098);
#987=VERTEX_POINT('',#3102);
#988=VERTEX_POINT('',#3103);
#989=VERTEX_POINT('',#3105);
#990=VERTEX_POINT('',#3107);
#991=VERTEX_POINT('',#3111);
#992=VERTEX_POINT('',#3113);
#993=VERTEX_POINT('',#3117);
#994=VERTEX_POINT('',#3119);
#995=VERTEX_POINT('',#3123);
#996=VERTEX_POINT('',#3125);
#997=VERTEX_POINT('',#3132);
#998=VERTEX_POINT('',#3134);
#999=VERTEX_POINT('',#3141);
#1000=VERTEX_POINT('',#3142);
#1001=VERTEX_POINT('',#3144);
#1002=VERTEX_POINT('',#3146);
#1003=VERTEX_POINT('',#3150);
#1004=VERTEX_POINT('',#3151);
#1005=VERTEX_POINT('',#3153);
#1006=VERTEX_POINT('',#3155);
#1007=VERTEX_POINT('',#3159);
#1008=VERTEX_POINT('',#3161);
#1009=VERTEX_POINT('',#3165);
#1010=VERTEX_POINT('',#3167);
#1011=VERTEX_POINT('',#3171);
#1012=VERTEX_POINT('',#3173);
#1013=VERTEX_POINT('',#3180);
#1014=VERTEX_POINT('',#3182);
#1015=VERTEX_POINT('',#3189);
#1016=VERTEX_POINT('',#3190);
#1017=VERTEX_POINT('',#3192);
#1018=VERTEX_POINT('',#3194);
#1019=VERTEX_POINT('',#3198);
#1020=VERTEX_POINT('',#3199);
#1021=VERTEX_POINT('',#3201);
#1022=VERTEX_POINT('',#3203);
#1023=VERTEX_POINT('',#3207);
#1024=VERTEX_POINT('',#3209);
#1025=VERTEX_POINT('',#3213);
#1026=VERTEX_POINT('',#3215);
#1027=VERTEX_POINT('',#3219);
#1028=VERTEX_POINT('',#3221);
#1029=VERTEX_POINT('',#3228);
#1030=VERTEX_POINT('',#3230);
#1031=VERTEX_POINT('',#3237);
#1032=VERTEX_POINT('',#3238);
#1033=VERTEX_POINT('',#3240);
#1034=VERTEX_POINT('',#3242);
#1035=VERTEX_POINT('',#3246);
#1036=VERTEX_POINT('',#3248);
#1037=VERTEX_POINT('',#3250);
#1038=VERTEX_POINT('',#3252);
#1039=VERTEX_POINT('',#3254);
#1040=VERTEX_POINT('',#3256);
#1041=VERTEX_POINT('',#3258);
#1042=VERTEX_POINT('',#3260);
#1043=VERTEX_POINT('',#3262);
#1044=VERTEX_POINT('',#3264);
#1045=VERTEX_POINT('',#3266);
#1046=VERTEX_POINT('',#3268);
#1047=VERTEX_POINT('',#3270);
#1048=VERTEX_POINT('',#3272);
#1049=VERTEX_POINT('',#3275);
#1050=VERTEX_POINT('',#3277);
#1051=VERTEX_POINT('',#3279);
#1052=VERTEX_POINT('',#3281);
#1053=VERTEX_POINT('',#3284);
#1054=VERTEX_POINT('',#3288);
#1055=VERTEX_POINT('',#3292);
#1056=VERTEX_POINT('',#3294);
#1057=VERTEX_POINT('',#3298);
#1058=VERTEX_POINT('',#3302);
#1059=VERTEX_POINT('',#3306);
#1060=VERTEX_POINT('',#3308);
#1061=VERTEX_POINT('',#3312);
#1062=VERTEX_POINT('',#3314);
#1063=VERTEX_POINT('',#3321);
#1064=VERTEX_POINT('',#3323);
#1065=VERTEX_POINT('',#3327);
#1066=VERTEX_POINT('',#3328);
#1067=VERTEX_POINT('',#3335);
#1068=VERTEX_POINT('',#3337);
#1069=VERTEX_POINT('',#3341);
#1070=VERTEX_POINT('',#3343);
#1071=VERTEX_POINT('',#3347);
#1072=VERTEX_POINT('',#3349);
#1073=VERTEX_POINT('',#3353);
#1074=VERTEX_POINT('',#3355);
#1075=VERTEX_POINT('',#3367);
#1076=VERTEX_POINT('',#3372);
#1077=VERTEX_POINT('',#3377);
#1078=VERTEX_POINT('',#3382);
#1079=EDGE_CURVE('',#887,#888,#359,.T.);
#1080=EDGE_CURVE('',#889,#887,#360,.T.);
#1081=EDGE_CURVE('',#890,#889,#361,.T.);
#1082=EDGE_CURVE('',#890,#888,#362,.T.);
#1083=EDGE_CURVE('',#891,#892,#363,.T.);
#1084=EDGE_CURVE('',#893,#891,#364,.T.);
#1085=EDGE_CURVE('',#894,#893,#365,.T.);
#1086=EDGE_CURVE('',#894,#892,#366,.T.);
#1087=EDGE_CURVE('',#888,#895,#367,.T.);
#1088=EDGE_CURVE('',#896,#890,#368,.T.);
#1089=EDGE_CURVE('',#896,#895,#369,.T.);
#1090=EDGE_CURVE('',#892,#897,#370,.T.);
#1091=EDGE_CURVE('',#898,#894,#371,.T.);
#1092=EDGE_CURVE('',#898,#897,#372,.T.);
#1093=EDGE_CURVE('',#899,#887,#373,.T.);
#1094=EDGE_CURVE('',#900,#899,#374,.T.);
#1095=EDGE_CURVE('',#889,#900,#375,.T.);
#1096=EDGE_CURVE('',#895,#899,#376,.T.);
#1097=EDGE_CURVE('',#900,#896,#377,.T.);
#1098=EDGE_CURVE('',#897,#901,#378,.T.);
#1099=EDGE_CURVE('',#902,#898,#379,.T.);
#1100=EDGE_CURVE('',#902,#901,#380,.T.);
#1101=EDGE_CURVE('',#901,#891,#381,.T.);
#1102=EDGE_CURVE('',#893,#902,#382,.T.);
#1103=EDGE_CURVE('',#903,#904,#383,.T.);
#1104=EDGE_CURVE('',#905,#903,#384,.T.);
#1105=EDGE_CURVE('',#906,#905,#385,.T.);
#1106=EDGE_CURVE('',#906,#904,#386,.T.);
#1107=EDGE_CURVE('',#907,#908,#387,.T.);
#1108=EDGE_CURVE('',#909,#907,#388,.T.);
#1109=EDGE_CURVE('',#910,#909,#389,.T.);
#1110=EDGE_CURVE('',#910,#908,#390,.T.);
#1111=EDGE_CURVE('',#904,#911,#391,.T.);
#1112=EDGE_CURVE('',#912,#906,#392,.T.);
#1113=EDGE_CURVE('',#912,#911,#393,.T.);
#1114=EDGE_CURVE('',#908,#913,#394,.T.);
#1115=EDGE_CURVE('',#914,#910,#395,.T.);
#1116=EDGE_CURVE('',#914,#913,#396,.T.);
#1117=EDGE_CURVE('',#915,#903,#397,.T.);
#1118=EDGE_CURVE('',#916,#915,#398,.T.);
#1119=EDGE_CURVE('',#905,#916,#399,.T.);
#1120=EDGE_CURVE('',#911,#915,#400,.T.);
#1121=EDGE_CURVE('',#916,#912,#401,.T.);
#1122=EDGE_CURVE('',#913,#917,#402,.T.);
#1123=EDGE_CURVE('',#918,#914,#403,.T.);
#1124=EDGE_CURVE('',#918,#917,#404,.T.);
#1125=EDGE_CURVE('',#917,#907,#405,.T.);
#1126=EDGE_CURVE('',#909,#918,#406,.T.);
#1127=EDGE_CURVE('',#919,#920,#407,.T.);
#1128=EDGE_CURVE('',#921,#919,#408,.T.);
#1129=EDGE_CURVE('',#922,#921,#409,.T.);
#1130=EDGE_CURVE('',#922,#920,#410,.T.);
#1131=EDGE_CURVE('',#923,#924,#411,.T.);
#1132=EDGE_CURVE('',#925,#923,#412,.T.);
#1133=EDGE_CURVE('',#926,#925,#413,.T.);
#1134=EDGE_CURVE('',#926,#924,#414,.T.);
#1135=EDGE_CURVE('',#920,#927,#415,.T.);
#1136=EDGE_CURVE('',#928,#922,#416,.T.);
#1137=EDGE_CURVE('',#928,#927,#417,.T.);
#1138=EDGE_CURVE('',#924,#929,#418,.T.);
#1139=EDGE_CURVE('',#930,#926,#419,.T.);
#1140=EDGE_CURVE('',#930,#929,#420,.T.);
#1141=EDGE_CURVE('',#931,#919,#421,.T.);
#1142=EDGE_CURVE('',#932,#931,#422,.T.);
#1143=EDGE_CURVE('',#921,#932,#423,.T.);
#1144=EDGE_CURVE('',#927,#931,#424,.T.);
#1145=EDGE_CURVE('',#932,#928,#425,.T.);
#1146=EDGE_CURVE('',#929,#933,#426,.T.);
#1147=EDGE_CURVE('',#934,#930,#427,.T.);
#1148=EDGE_CURVE('',#934,#933,#428,.T.);
#1149=EDGE_CURVE('',#933,#923,#429,.T.);
#1150=EDGE_CURVE('',#925,#934,#430,.T.);
#1151=EDGE_CURVE('',#935,#936,#431,.T.);
#1152=EDGE_CURVE('',#937,#935,#432,.T.);
#1153=EDGE_CURVE('',#938,#937,#433,.T.);
#1154=EDGE_CURVE('',#938,#936,#434,.T.);
#1155=EDGE_CURVE('',#939,#940,#435,.T.);
#1156=EDGE_CURVE('',#941,#939,#436,.T.);
#1157=EDGE_CURVE('',#942,#941,#437,.T.);
#1158=EDGE_CURVE('',#942,#940,#438,.T.);
#1159=EDGE_CURVE('',#936,#943,#439,.T.);
#1160=EDGE_CURVE('',#944,#938,#440,.T.);
#1161=EDGE_CURVE('',#944,#943,#441,.T.);
#1162=EDGE_CURVE('',#940,#945,#442,.T.);
#1163=EDGE_CURVE('',#946,#942,#443,.T.);
#1164=EDGE_CURVE('',#946,#945,#444,.T.);
#1165=EDGE_CURVE('',#947,#935,#445,.T.);
#1166=EDGE_CURVE('',#948,#947,#446,.T.);
#1167=EDGE_CURVE('',#937,#948,#447,.T.);
#1168=EDGE_CURVE('',#943,#947,#448,.T.);
#1169=EDGE_CURVE('',#948,#944,#449,.T.);
#1170=EDGE_CURVE('',#945,#949,#450,.T.);
#1171=EDGE_CURVE('',#950,#946,#451,.T.);
#1172=EDGE_CURVE('',#950,#949,#452,.T.);
#1173=EDGE_CURVE('',#949,#939,#453,.T.);
#1174=EDGE_CURVE('',#941,#950,#454,.T.);
#1175=EDGE_CURVE('',#951,#952,#455,.T.);
#1176=EDGE_CURVE('',#953,#951,#456,.T.);
#1177=EDGE_CURVE('',#954,#953,#457,.T.);
#1178=EDGE_CURVE('',#954,#952,#458,.T.);
#1179=EDGE_CURVE('',#955,#956,#459,.T.);
#1180=EDGE_CURVE('',#957,#955,#460,.T.);
#1181=EDGE_CURVE('',#958,#957,#461,.T.);
#1182=EDGE_CURVE('',#958,#956,#462,.T.);
#1183=EDGE_CURVE('',#952,#959,#463,.T.);
#1184=EDGE_CURVE('',#960,#954,#464,.T.);
#1185=EDGE_CURVE('',#960,#959,#465,.T.);
#1186=EDGE_CURVE('',#956,#961,#466,.T.);
#1187=EDGE_CURVE('',#962,#958,#467,.T.);
#1188=EDGE_CURVE('',#962,#961,#468,.T.);
#1189=EDGE_CURVE('',#963,#951,#469,.T.);
#1190=EDGE_CURVE('',#964,#963,#470,.T.);
#1191=EDGE_CURVE('',#953,#964,#471,.T.);
#1192=EDGE_CURVE('',#959,#963,#472,.T.);
#1193=EDGE_CURVE('',#964,#960,#473,.T.);
#1194=EDGE_CURVE('',#961,#965,#474,.T.);
#1195=EDGE_CURVE('',#966,#962,#475,.T.);
#1196=EDGE_CURVE('',#966,#965,#476,.T.);
#1197=EDGE_CURVE('',#965,#955,#477,.T.);
#1198=EDGE_CURVE('',#957,#966,#478,.T.);
#1199=EDGE_CURVE('',#967,#968,#479,.T.);
#1200=EDGE_CURVE('',#969,#967,#480,.T.);
#1201=EDGE_CURVE('',#970,#969,#481,.T.);
#1202=EDGE_CURVE('',#970,#968,#482,.T.);
#1203=EDGE_CURVE('',#971,#972,#483,.T.);
#1204=EDGE_CURVE('',#973,#971,#484,.T.);
#1205=EDGE_CURVE('',#974,#973,#485,.T.);
#1206=EDGE_CURVE('',#974,#972,#486,.T.);
#1207=EDGE_CURVE('',#968,#975,#487,.T.);
#1208=EDGE_CURVE('',#976,#970,#488,.T.);
#1209=EDGE_CURVE('',#976,#975,#489,.T.);
#1210=EDGE_CURVE('',#972,#977,#490,.T.);
#1211=EDGE_CURVE('',#978,#974,#491,.T.);
#1212=EDGE_CURVE('',#978,#977,#492,.T.);
#1213=EDGE_CURVE('',#979,#967,#493,.T.);
#1214=EDGE_CURVE('',#980,#979,#494,.T.);
#1215=EDGE_CURVE('',#969,#980,#495,.T.);
#1216=EDGE_CURVE('',#975,#979,#496,.T.);
#1217=EDGE_CURVE('',#980,#976,#497,.T.);
#1218=EDGE_CURVE('',#977,#981,#498,.T.);
#1219=EDGE_CURVE('',#982,#978,#499,.T.);
#1220=EDGE_CURVE('',#982,#981,#500,.T.);
#1221=EDGE_CURVE('',#981,#971,#501,.T.);
#1222=EDGE_CURVE('',#973,#982,#502,.T.);
#1223=EDGE_CURVE('',#983,#984,#503,.T.);
#1224=EDGE_CURVE('',#985,#983,#504,.T.);
#1225=EDGE_CURVE('',#986,#985,#505,.T.);
#1226=EDGE_CURVE('',#986,#984,#506,.T.);
#1227=EDGE_CURVE('',#987,#988,#507,.T.);
#1228=EDGE_CURVE('',#989,#987,#508,.T.);
#1229=EDGE_CURVE('',#990,#989,#509,.T.);
#1230=EDGE_CURVE('',#990,#988,#510,.T.);
#1231=EDGE_CURVE('',#984,#991,#511,.T.);
#1232=EDGE_CURVE('',#992,#986,#512,.T.);
#1233=EDGE_CURVE('',#992,#991,#513,.T.);
#1234=EDGE_CURVE('',#988,#993,#514,.T.);
#1235=EDGE_CURVE('',#994,#990,#515,.T.);
#1236=EDGE_CURVE('',#994,#993,#516,.T.);
#1237=EDGE_CURVE('',#995,#983,#517,.T.);
#1238=EDGE_CURVE('',#996,#995,#518,.T.);
#1239=EDGE_CURVE('',#985,#996,#519,.T.);
#1240=EDGE_CURVE('',#991,#995,#520,.T.);
#1241=EDGE_CURVE('',#996,#992,#521,.T.);
#1242=EDGE_CURVE('',#993,#997,#522,.T.);
#1243=EDGE_CURVE('',#998,#994,#523,.T.);
#1244=EDGE_CURVE('',#998,#997,#524,.T.);
#1245=EDGE_CURVE('',#997,#987,#525,.T.);
#1246=EDGE_CURVE('',#989,#998,#526,.T.);
#1247=EDGE_CURVE('',#999,#1000,#527,.T.);
#1248=EDGE_CURVE('',#1001,#999,#528,.T.);
#1249=EDGE_CURVE('',#1002,#1001,#529,.T.);
#1250=EDGE_CURVE('',#1002,#1000,#530,.T.);
#1251=EDGE_CURVE('',#1003,#1004,#531,.T.);
#1252=EDGE_CURVE('',#1005,#1003,#532,.T.);
#1253=EDGE_CURVE('',#1006,#1005,#533,.T.);
#1254=EDGE_CURVE('',#1006,#1004,#534,.T.);
#1255=EDGE_CURVE('',#1000,#1007,#535,.T.);
#1256=EDGE_CURVE('',#1008,#1002,#536,.T.);
#1257=EDGE_CURVE('',#1008,#1007,#537,.T.);
#1258=EDGE_CURVE('',#1004,#1009,#538,.T.);
#1259=EDGE_CURVE('',#1010,#1006,#539,.T.);
#1260=EDGE_CURVE('',#1010,#1009,#540,.T.);
#1261=EDGE_CURVE('',#1011,#999,#541,.T.);
#1262=EDGE_CURVE('',#1012,#1011,#542,.T.);
#1263=EDGE_CURVE('',#1001,#1012,#543,.T.);
#1264=EDGE_CURVE('',#1007,#1011,#544,.T.);
#1265=EDGE_CURVE('',#1012,#1008,#545,.T.);
#1266=EDGE_CURVE('',#1009,#1013,#546,.T.);
#1267=EDGE_CURVE('',#1014,#1010,#547,.T.);
#1268=EDGE_CURVE('',#1014,#1013,#548,.T.);
#1269=EDGE_CURVE('',#1013,#1003,#549,.T.);
#1270=EDGE_CURVE('',#1005,#1014,#550,.T.);
#1271=EDGE_CURVE('',#1015,#1016,#551,.T.);
#1272=EDGE_CURVE('',#1017,#1015,#552,.T.);
#1273=EDGE_CURVE('',#1018,#1017,#553,.T.);
#1274=EDGE_CURVE('',#1018,#1016,#554,.T.);
#1275=EDGE_CURVE('',#1019,#1020,#555,.T.);
#1276=EDGE_CURVE('',#1021,#1019,#556,.T.);
#1277=EDGE_CURVE('',#1022,#1021,#557,.T.);
#1278=EDGE_CURVE('',#1022,#1020,#558,.T.);
#1279=EDGE_CURVE('',#1016,#1023,#559,.T.);
#1280=EDGE_CURVE('',#1024,#1018,#560,.T.);
#1281=EDGE_CURVE('',#1024,#1023,#561,.T.);
#1282=EDGE_CURVE('',#1020,#1025,#562,.T.);
#1283=EDGE_CURVE('',#1026,#1022,#563,.T.);
#1284=EDGE_CURVE('',#1026,#1025,#564,.T.);
#1285=EDGE_CURVE('',#1027,#1015,#565,.T.);
#1286=EDGE_CURVE('',#1028,#1027,#566,.T.);
#1287=EDGE_CURVE('',#1017,#1028,#567,.T.);
#1288=EDGE_CURVE('',#1023,#1027,#568,.T.);
#1289=EDGE_CURVE('',#1028,#1024,#569,.T.);
#1290=EDGE_CURVE('',#1025,#1029,#570,.T.);
#1291=EDGE_CURVE('',#1030,#1026,#571,.T.);
#1292=EDGE_CURVE('',#1030,#1029,#572,.T.);
#1293=EDGE_CURVE('',#1029,#1019,#573,.T.);
#1294=EDGE_CURVE('',#1021,#1030,#574,.T.);
#1295=EDGE_CURVE('',#1031,#1032,#71,.T.);
#1296=EDGE_CURVE('',#1032,#1033,#575,.T.);
#1297=EDGE_CURVE('',#1033,#1034,#72,.T.);
#1298=EDGE_CURVE('',#1034,#1031,#576,.T.);
#1299=EDGE_CURVE('',#1031,#1035,#577,.T.);
#1300=EDGE_CURVE('',#1036,#1035,#73,.T.);
#1301=EDGE_CURVE('',#1036,#1037,#578,.T.);
#1302=EDGE_CURVE('',#1038,#1037,#74,.T.);
#1303=EDGE_CURVE('',#1038,#1039,#579,.T.);
#1304=EDGE_CURVE('',#1040,#1039,#75,.T.);
#1305=EDGE_CURVE('',#1040,#1041,#580,.T.);
#1306=EDGE_CURVE('',#1041,#1042,#581,.T.);
#1307=EDGE_CURVE('',#1042,#1043,#582,.T.);
#1308=EDGE_CURVE('',#1043,#1044,#583,.T.);
#1309=EDGE_CURVE('',#1044,#1045,#584,.T.);
#1310=EDGE_CURVE('',#1045,#1046,#585,.T.);
#1311=EDGE_CURVE('',#1046,#1047,#586,.T.);
#1312=EDGE_CURVE('',#1047,#1048,#587,.T.);
#1313=EDGE_CURVE('',#1048,#1032,#588,.T.);
#1314=EDGE_CURVE('',#1049,#1049,#76,.T.);
#1315=EDGE_CURVE('',#1050,#1050,#77,.T.);
#1316=EDGE_CURVE('',#1051,#1051,#78,.T.);
#1317=EDGE_CURVE('',#1052,#1052,#79,.T.);
#1318=EDGE_CURVE('',#1053,#1034,#589,.T.);
#1319=EDGE_CURVE('',#1035,#1053,#590,.T.);
#1320=EDGE_CURVE('',#1053,#1054,#80,.T.);
#1321=EDGE_CURVE('',#1054,#1036,#591,.T.);
#1322=EDGE_CURVE('',#1037,#1055,#592,.T.);
#1323=EDGE_CURVE('',#1055,#1056,#81,.T.);
#1324=EDGE_CURVE('',#1056,#1038,#593,.T.);
#1325=EDGE_CURVE('',#1057,#1056,#594,.T.);
#1326=EDGE_CURVE('',#1039,#1057,#595,.T.);
#1327=EDGE_CURVE('',#1057,#1058,#82,.T.);
#1328=EDGE_CURVE('',#1058,#1040,#596,.T.);
#1329=EDGE_CURVE('',#1059,#1041,#597,.T.);
#1330=EDGE_CURVE('',#1059,#1060,#598,.T.);
#1331=EDGE_CURVE('',#1042,#1060,#599,.T.);
#1332=EDGE_CURVE('',#1061,#1047,#600,.T.);
#1333=EDGE_CURVE('',#1061,#1062,#601,.T.);
#1334=EDGE_CURVE('',#1048,#1062,#602,.T.);
#1335=EDGE_CURVE('',#1060,#1061,#603,.T.);
#1336=EDGE_CURVE('',#1062,#1059,#604,.T.);
#1337=EDGE_CURVE('',#1063,#1046,#605,.T.);
#1338=EDGE_CURVE('',#1063,#1064,#606,.T.);
#1339=EDGE_CURVE('',#1064,#1043,#607,.T.);
#1340=EDGE_CURVE('',#1065,#1066,#608,.T.);
#1341=EDGE_CURVE('',#1064,#1065,#609,.T.);
#1342=EDGE_CURVE('',#1066,#1063,#610,.T.);
#1343=EDGE_CURVE('',#1065,#1044,#611,.T.);
#1344=EDGE_CURVE('',#1067,#1067,#83,.T.);
#1345=EDGE_CURVE('',#1067,#1068,#612,.T.);
#1346=EDGE_CURVE('',#1068,#1068,#84,.T.);
#1347=EDGE_CURVE('',#1069,#1069,#85,.T.);
#1348=EDGE_CURVE('',#1069,#1070,#613,.T.);
#1349=EDGE_CURVE('',#1070,#1070,#86,.T.);
#1350=EDGE_CURVE('',#1071,#1071,#87,.T.);
#1351=EDGE_CURVE('',#1071,#1072,#614,.T.);
#1352=EDGE_CURVE('',#1072,#1072,#88,.T.);
#1353=EDGE_CURVE('',#1073,#1073,#89,.T.);
#1354=EDGE_CURVE('',#1073,#1074,#615,.T.);
#1355=EDGE_CURVE('',#1074,#1074,#90,.T.);
#1356=EDGE_CURVE('',#1066,#1045,#616,.T.);
#1357=EDGE_CURVE('',#1033,#1058,#617,.T.);
#1358=EDGE_CURVE('',#1055,#1054,#618,.T.);
#1359=EDGE_CURVE('',#1051,#1075,#619,.T.);
#1360=EDGE_CURVE('',#1075,#1075,#91,.T.);
#1361=EDGE_CURVE('',#1050,#1076,#620,.T.);
#1362=EDGE_CURVE('',#1076,#1076,#92,.T.);
#1363=EDGE_CURVE('',#1052,#1077,#621,.T.);
#1364=EDGE_CURVE('',#1077,#1077,#93,.T.);
#1365=EDGE_CURVE('',#1049,#1078,#622,.T.);
#1366=EDGE_CURVE('',#1078,#1078,#94,.T.);
#1367=ORIENTED_EDGE('',*,*,#1079,.F.);
#1368=ORIENTED_EDGE('',*,*,#1080,.F.);
#1369=ORIENTED_EDGE('',*,*,#1081,.F.);
#1370=ORIENTED_EDGE('',*,*,#1082,.T.);
#1371=ORIENTED_EDGE('',*,*,#1083,.F.);
#1372=ORIENTED_EDGE('',*,*,#1084,.F.);
#1373=ORIENTED_EDGE('',*,*,#1085,.F.);
#1374=ORIENTED_EDGE('',*,*,#1086,.T.);
#1375=ORIENTED_EDGE('',*,*,#1087,.F.);
#1376=ORIENTED_EDGE('',*,*,#1082,.F.);
#1377=ORIENTED_EDGE('',*,*,#1088,.F.);
#1378=ORIENTED_EDGE('',*,*,#1089,.T.);
#1379=ORIENTED_EDGE('',*,*,#1090,.F.);
#1380=ORIENTED_EDGE('',*,*,#1086,.F.);
#1381=ORIENTED_EDGE('',*,*,#1091,.F.);
#1382=ORIENTED_EDGE('',*,*,#1092,.T.);
#1383=ORIENTED_EDGE('',*,*,#1093,.F.);
#1384=ORIENTED_EDGE('',*,*,#1094,.F.);
#1385=ORIENTED_EDGE('',*,*,#1095,.F.);
#1386=ORIENTED_EDGE('',*,*,#1080,.T.);
#1387=ORIENTED_EDGE('',*,*,#1096,.F.);
#1388=ORIENTED_EDGE('',*,*,#1089,.F.);
#1389=ORIENTED_EDGE('',*,*,#1097,.F.);
#1390=ORIENTED_EDGE('',*,*,#1094,.T.);
#1391=ORIENTED_EDGE('',*,*,#1098,.F.);
#1392=ORIENTED_EDGE('',*,*,#1092,.F.);
#1393=ORIENTED_EDGE('',*,*,#1099,.F.);
#1394=ORIENTED_EDGE('',*,*,#1100,.T.);
#1395=ORIENTED_EDGE('',*,*,#1101,.F.);
#1396=ORIENTED_EDGE('',*,*,#1100,.F.);
#1397=ORIENTED_EDGE('',*,*,#1102,.F.);
#1398=ORIENTED_EDGE('',*,*,#1084,.T.);
#1399=ORIENTED_EDGE('',*,*,#1103,.F.);
#1400=ORIENTED_EDGE('',*,*,#1104,.F.);
#1401=ORIENTED_EDGE('',*,*,#1105,.F.);
#1402=ORIENTED_EDGE('',*,*,#1106,.T.);
#1403=ORIENTED_EDGE('',*,*,#1107,.F.);
#1404=ORIENTED_EDGE('',*,*,#1108,.F.);
#1405=ORIENTED_EDGE('',*,*,#1109,.F.);
#1406=ORIENTED_EDGE('',*,*,#1110,.T.);
#1407=ORIENTED_EDGE('',*,*,#1111,.F.);
#1408=ORIENTED_EDGE('',*,*,#1106,.F.);
#1409=ORIENTED_EDGE('',*,*,#1112,.F.);
#1410=ORIENTED_EDGE('',*,*,#1113,.T.);
#1411=ORIENTED_EDGE('',*,*,#1114,.F.);
#1412=ORIENTED_EDGE('',*,*,#1110,.F.);
#1413=ORIENTED_EDGE('',*,*,#1115,.F.);
#1414=ORIENTED_EDGE('',*,*,#1116,.T.);
#1415=ORIENTED_EDGE('',*,*,#1117,.F.);
#1416=ORIENTED_EDGE('',*,*,#1118,.F.);
#1417=ORIENTED_EDGE('',*,*,#1119,.F.);
#1418=ORIENTED_EDGE('',*,*,#1104,.T.);
#1419=ORIENTED_EDGE('',*,*,#1120,.F.);
#1420=ORIENTED_EDGE('',*,*,#1113,.F.);
#1421=ORIENTED_EDGE('',*,*,#1121,.F.);
#1422=ORIENTED_EDGE('',*,*,#1118,.T.);
#1423=ORIENTED_EDGE('',*,*,#1122,.F.);
#1424=ORIENTED_EDGE('',*,*,#1116,.F.);
#1425=ORIENTED_EDGE('',*,*,#1123,.F.);
#1426=ORIENTED_EDGE('',*,*,#1124,.T.);
#1427=ORIENTED_EDGE('',*,*,#1125,.F.);
#1428=ORIENTED_EDGE('',*,*,#1124,.F.);
#1429=ORIENTED_EDGE('',*,*,#1126,.F.);
#1430=ORIENTED_EDGE('',*,*,#1108,.T.);
#1431=ORIENTED_EDGE('',*,*,#1127,.F.);
#1432=ORIENTED_EDGE('',*,*,#1128,.F.);
#1433=ORIENTED_EDGE('',*,*,#1129,.F.);
#1434=ORIENTED_EDGE('',*,*,#1130,.T.);
#1435=ORIENTED_EDGE('',*,*,#1131,.F.);
#1436=ORIENTED_EDGE('',*,*,#1132,.F.);
#1437=ORIENTED_EDGE('',*,*,#1133,.F.);
#1438=ORIENTED_EDGE('',*,*,#1134,.T.);
#1439=ORIENTED_EDGE('',*,*,#1135,.F.);
#1440=ORIENTED_EDGE('',*,*,#1130,.F.);
#1441=ORIENTED_EDGE('',*,*,#1136,.F.);
#1442=ORIENTED_EDGE('',*,*,#1137,.T.);
#1443=ORIENTED_EDGE('',*,*,#1138,.F.);
#1444=ORIENTED_EDGE('',*,*,#1134,.F.);
#1445=ORIENTED_EDGE('',*,*,#1139,.F.);
#1446=ORIENTED_EDGE('',*,*,#1140,.T.);
#1447=ORIENTED_EDGE('',*,*,#1141,.F.);
#1448=ORIENTED_EDGE('',*,*,#1142,.F.);
#1449=ORIENTED_EDGE('',*,*,#1143,.F.);
#1450=ORIENTED_EDGE('',*,*,#1128,.T.);
#1451=ORIENTED_EDGE('',*,*,#1144,.F.);
#1452=ORIENTED_EDGE('',*,*,#1137,.F.);
#1453=ORIENTED_EDGE('',*,*,#1145,.F.);
#1454=ORIENTED_EDGE('',*,*,#1142,.T.);
#1455=ORIENTED_EDGE('',*,*,#1146,.F.);
#1456=ORIENTED_EDGE('',*,*,#1140,.F.);
#1457=ORIENTED_EDGE('',*,*,#1147,.F.);
#1458=ORIENTED_EDGE('',*,*,#1148,.T.);
#1459=ORIENTED_EDGE('',*,*,#1149,.F.);
#1460=ORIENTED_EDGE('',*,*,#1148,.F.);
#1461=ORIENTED_EDGE('',*,*,#1150,.F.);
#1462=ORIENTED_EDGE('',*,*,#1132,.T.);
#1463=ORIENTED_EDGE('',*,*,#1151,.F.);
#1464=ORIENTED_EDGE('',*,*,#1152,.F.);
#1465=ORIENTED_EDGE('',*,*,#1153,.F.);
#1466=ORIENTED_EDGE('',*,*,#1154,.T.);
#1467=ORIENTED_EDGE('',*,*,#1155,.F.);
#1468=ORIENTED_EDGE('',*,*,#1156,.F.);
#1469=ORIENTED_EDGE('',*,*,#1157,.F.);
#1470=ORIENTED_EDGE('',*,*,#1158,.T.);
#1471=ORIENTED_EDGE('',*,*,#1159,.F.);
#1472=ORIENTED_EDGE('',*,*,#1154,.F.);
#1473=ORIENTED_EDGE('',*,*,#1160,.F.);
#1474=ORIENTED_EDGE('',*,*,#1161,.T.);
#1475=ORIENTED_EDGE('',*,*,#1162,.F.);
#1476=ORIENTED_EDGE('',*,*,#1158,.F.);
#1477=ORIENTED_EDGE('',*,*,#1163,.F.);
#1478=ORIENTED_EDGE('',*,*,#1164,.T.);
#1479=ORIENTED_EDGE('',*,*,#1165,.F.);
#1480=ORIENTED_EDGE('',*,*,#1166,.F.);
#1481=ORIENTED_EDGE('',*,*,#1167,.F.);
#1482=ORIENTED_EDGE('',*,*,#1152,.T.);
#1483=ORIENTED_EDGE('',*,*,#1168,.F.);
#1484=ORIENTED_EDGE('',*,*,#1161,.F.);
#1485=ORIENTED_EDGE('',*,*,#1169,.F.);
#1486=ORIENTED_EDGE('',*,*,#1166,.T.);
#1487=ORIENTED_EDGE('',*,*,#1170,.F.);
#1488=ORIENTED_EDGE('',*,*,#1164,.F.);
#1489=ORIENTED_EDGE('',*,*,#1171,.F.);
#1490=ORIENTED_EDGE('',*,*,#1172,.T.);
#1491=ORIENTED_EDGE('',*,*,#1173,.F.);
#1492=ORIENTED_EDGE('',*,*,#1172,.F.);
#1493=ORIENTED_EDGE('',*,*,#1174,.F.);
#1494=ORIENTED_EDGE('',*,*,#1156,.T.);
#1495=ORIENTED_EDGE('',*,*,#1175,.F.);
#1496=ORIENTED_EDGE('',*,*,#1176,.F.);
#1497=ORIENTED_EDGE('',*,*,#1177,.F.);
#1498=ORIENTED_EDGE('',*,*,#1178,.T.);
#1499=ORIENTED_EDGE('',*,*,#1179,.F.);
#1500=ORIENTED_EDGE('',*,*,#1180,.F.);
#1501=ORIENTED_EDGE('',*,*,#1181,.F.);
#1502=ORIENTED_EDGE('',*,*,#1182,.T.);
#1503=ORIENTED_EDGE('',*,*,#1183,.F.);
#1504=ORIENTED_EDGE('',*,*,#1178,.F.);
#1505=ORIENTED_EDGE('',*,*,#1184,.F.);
#1506=ORIENTED_EDGE('',*,*,#1185,.T.);
#1507=ORIENTED_EDGE('',*,*,#1186,.F.);
#1508=ORIENTED_EDGE('',*,*,#1182,.F.);
#1509=ORIENTED_EDGE('',*,*,#1187,.F.);
#1510=ORIENTED_EDGE('',*,*,#1188,.T.);
#1511=ORIENTED_EDGE('',*,*,#1189,.F.);
#1512=ORIENTED_EDGE('',*,*,#1190,.F.);
#1513=ORIENTED_EDGE('',*,*,#1191,.F.);
#1514=ORIENTED_EDGE('',*,*,#1176,.T.);
#1515=ORIENTED_EDGE('',*,*,#1192,.F.);
#1516=ORIENTED_EDGE('',*,*,#1185,.F.);
#1517=ORIENTED_EDGE('',*,*,#1193,.F.);
#1518=ORIENTED_EDGE('',*,*,#1190,.T.);
#1519=ORIENTED_EDGE('',*,*,#1194,.F.);
#1520=ORIENTED_EDGE('',*,*,#1188,.F.);
#1521=ORIENTED_EDGE('',*,*,#1195,.F.);
#1522=ORIENTED_EDGE('',*,*,#1196,.T.);
#1523=ORIENTED_EDGE('',*,*,#1197,.F.);
#1524=ORIENTED_EDGE('',*,*,#1196,.F.);
#1525=ORIENTED_EDGE('',*,*,#1198,.F.);
#1526=ORIENTED_EDGE('',*,*,#1180,.T.);
#1527=ORIENTED_EDGE('',*,*,#1199,.F.);
#1528=ORIENTED_EDGE('',*,*,#1200,.F.);
#1529=ORIENTED_EDGE('',*,*,#1201,.F.);
#1530=ORIENTED_EDGE('',*,*,#1202,.T.);
#1531=ORIENTED_EDGE('',*,*,#1203,.F.);
#1532=ORIENTED_EDGE('',*,*,#1204,.F.);
#1533=ORIENTED_EDGE('',*,*,#1205,.F.);
#1534=ORIENTED_EDGE('',*,*,#1206,.T.);
#1535=ORIENTED_EDGE('',*,*,#1207,.F.);
#1536=ORIENTED_EDGE('',*,*,#1202,.F.);
#1537=ORIENTED_EDGE('',*,*,#1208,.F.);
#1538=ORIENTED_EDGE('',*,*,#1209,.T.);
#1539=ORIENTED_EDGE('',*,*,#1210,.F.);
#1540=ORIENTED_EDGE('',*,*,#1206,.F.);
#1541=ORIENTED_EDGE('',*,*,#1211,.F.);
#1542=ORIENTED_EDGE('',*,*,#1212,.T.);
#1543=ORIENTED_EDGE('',*,*,#1213,.F.);
#1544=ORIENTED_EDGE('',*,*,#1214,.F.);
#1545=ORIENTED_EDGE('',*,*,#1215,.F.);
#1546=ORIENTED_EDGE('',*,*,#1200,.T.);
#1547=ORIENTED_EDGE('',*,*,#1216,.F.);
#1548=ORIENTED_EDGE('',*,*,#1209,.F.);
#1549=ORIENTED_EDGE('',*,*,#1217,.F.);
#1550=ORIENTED_EDGE('',*,*,#1214,.T.);
#1551=ORIENTED_EDGE('',*,*,#1218,.F.);
#1552=ORIENTED_EDGE('',*,*,#1212,.F.);
#1553=ORIENTED_EDGE('',*,*,#1219,.F.);
#1554=ORIENTED_EDGE('',*,*,#1220,.T.);
#1555=ORIENTED_EDGE('',*,*,#1221,.F.);
#1556=ORIENTED_EDGE('',*,*,#1220,.F.);
#1557=ORIENTED_EDGE('',*,*,#1222,.F.);
#1558=ORIENTED_EDGE('',*,*,#1204,.T.);
#1559=ORIENTED_EDGE('',*,*,#1223,.F.);
#1560=ORIENTED_EDGE('',*,*,#1224,.F.);
#1561=ORIENTED_EDGE('',*,*,#1225,.F.);
#1562=ORIENTED_EDGE('',*,*,#1226,.T.);
#1563=ORIENTED_EDGE('',*,*,#1227,.F.);
#1564=ORIENTED_EDGE('',*,*,#1228,.F.);
#1565=ORIENTED_EDGE('',*,*,#1229,.F.);
#1566=ORIENTED_EDGE('',*,*,#1230,.T.);
#1567=ORIENTED_EDGE('',*,*,#1231,.F.);
#1568=ORIENTED_EDGE('',*,*,#1226,.F.);
#1569=ORIENTED_EDGE('',*,*,#1232,.F.);
#1570=ORIENTED_EDGE('',*,*,#1233,.T.);
#1571=ORIENTED_EDGE('',*,*,#1234,.F.);
#1572=ORIENTED_EDGE('',*,*,#1230,.F.);
#1573=ORIENTED_EDGE('',*,*,#1235,.F.);
#1574=ORIENTED_EDGE('',*,*,#1236,.T.);
#1575=ORIENTED_EDGE('',*,*,#1237,.F.);
#1576=ORIENTED_EDGE('',*,*,#1238,.F.);
#1577=ORIENTED_EDGE('',*,*,#1239,.F.);
#1578=ORIENTED_EDGE('',*,*,#1224,.T.);
#1579=ORIENTED_EDGE('',*,*,#1240,.F.);
#1580=ORIENTED_EDGE('',*,*,#1233,.F.);
#1581=ORIENTED_EDGE('',*,*,#1241,.F.);
#1582=ORIENTED_EDGE('',*,*,#1238,.T.);
#1583=ORIENTED_EDGE('',*,*,#1242,.F.);
#1584=ORIENTED_EDGE('',*,*,#1236,.F.);
#1585=ORIENTED_EDGE('',*,*,#1243,.F.);
#1586=ORIENTED_EDGE('',*,*,#1244,.T.);
#1587=ORIENTED_EDGE('',*,*,#1245,.F.);
#1588=ORIENTED_EDGE('',*,*,#1244,.F.);
#1589=ORIENTED_EDGE('',*,*,#1246,.F.);
#1590=ORIENTED_EDGE('',*,*,#1228,.T.);
#1591=ORIENTED_EDGE('',*,*,#1247,.F.);
#1592=ORIENTED_EDGE('',*,*,#1248,.F.);
#1593=ORIENTED_EDGE('',*,*,#1249,.F.);
#1594=ORIENTED_EDGE('',*,*,#1250,.T.);
#1595=ORIENTED_EDGE('',*,*,#1251,.F.);
#1596=ORIENTED_EDGE('',*,*,#1252,.F.);
#1597=ORIENTED_EDGE('',*,*,#1253,.F.);
#1598=ORIENTED_EDGE('',*,*,#1254,.T.);
#1599=ORIENTED_EDGE('',*,*,#1255,.F.);
#1600=ORIENTED_EDGE('',*,*,#1250,.F.);
#1601=ORIENTED_EDGE('',*,*,#1256,.F.);
#1602=ORIENTED_EDGE('',*,*,#1257,.T.);
#1603=ORIENTED_EDGE('',*,*,#1258,.F.);
#1604=ORIENTED_EDGE('',*,*,#1254,.F.);
#1605=ORIENTED_EDGE('',*,*,#1259,.F.);
#1606=ORIENTED_EDGE('',*,*,#1260,.T.);
#1607=ORIENTED_EDGE('',*,*,#1261,.F.);
#1608=ORIENTED_EDGE('',*,*,#1262,.F.);
#1609=ORIENTED_EDGE('',*,*,#1263,.F.);
#1610=ORIENTED_EDGE('',*,*,#1248,.T.);
#1611=ORIENTED_EDGE('',*,*,#1264,.F.);
#1612=ORIENTED_EDGE('',*,*,#1257,.F.);
#1613=ORIENTED_EDGE('',*,*,#1265,.F.);
#1614=ORIENTED_EDGE('',*,*,#1262,.T.);
#1615=ORIENTED_EDGE('',*,*,#1266,.F.);
#1616=ORIENTED_EDGE('',*,*,#1260,.F.);
#1617=ORIENTED_EDGE('',*,*,#1267,.F.);
#1618=ORIENTED_EDGE('',*,*,#1268,.T.);
#1619=ORIENTED_EDGE('',*,*,#1269,.F.);
#1620=ORIENTED_EDGE('',*,*,#1268,.F.);
#1621=ORIENTED_EDGE('',*,*,#1270,.F.);
#1622=ORIENTED_EDGE('',*,*,#1252,.T.);
#1623=ORIENTED_EDGE('',*,*,#1271,.F.);
#1624=ORIENTED_EDGE('',*,*,#1272,.F.);
#1625=ORIENTED_EDGE('',*,*,#1273,.F.);
#1626=ORIENTED_EDGE('',*,*,#1274,.T.);
#1627=ORIENTED_EDGE('',*,*,#1275,.F.);
#1628=ORIENTED_EDGE('',*,*,#1276,.F.);
#1629=ORIENTED_EDGE('',*,*,#1277,.F.);
#1630=ORIENTED_EDGE('',*,*,#1278,.T.);
#1631=ORIENTED_EDGE('',*,*,#1279,.F.);
#1632=ORIENTED_EDGE('',*,*,#1274,.F.);
#1633=ORIENTED_EDGE('',*,*,#1280,.F.);
#1634=ORIENTED_EDGE('',*,*,#1281,.T.);
#1635=ORIENTED_EDGE('',*,*,#1282,.F.);
#1636=ORIENTED_EDGE('',*,*,#1278,.F.);
#1637=ORIENTED_EDGE('',*,*,#1283,.F.);
#1638=ORIENTED_EDGE('',*,*,#1284,.T.);
#1639=ORIENTED_EDGE('',*,*,#1285,.F.);
#1640=ORIENTED_EDGE('',*,*,#1286,.F.);
#1641=ORIENTED_EDGE('',*,*,#1287,.F.);
#1642=ORIENTED_EDGE('',*,*,#1272,.T.);
#1643=ORIENTED_EDGE('',*,*,#1288,.F.);
#1644=ORIENTED_EDGE('',*,*,#1281,.F.);
#1645=ORIENTED_EDGE('',*,*,#1289,.F.);
#1646=ORIENTED_EDGE('',*,*,#1286,.T.);
#1647=ORIENTED_EDGE('',*,*,#1290,.F.);
#1648=ORIENTED_EDGE('',*,*,#1284,.F.);
#1649=ORIENTED_EDGE('',*,*,#1291,.F.);
#1650=ORIENTED_EDGE('',*,*,#1292,.T.);
#1651=ORIENTED_EDGE('',*,*,#1293,.F.);
#1652=ORIENTED_EDGE('',*,*,#1292,.F.);
#1653=ORIENTED_EDGE('',*,*,#1294,.F.);
#1654=ORIENTED_EDGE('',*,*,#1276,.T.);
#1655=ORIENTED_EDGE('',*,*,#1295,.T.);
#1656=ORIENTED_EDGE('',*,*,#1296,.T.);
#1657=ORIENTED_EDGE('',*,*,#1297,.T.);
#1658=ORIENTED_EDGE('',*,*,#1298,.T.);
#1659=ORIENTED_EDGE('',*,*,#1295,.F.);
#1660=ORIENTED_EDGE('',*,*,#1299,.T.);
#1661=ORIENTED_EDGE('',*,*,#1300,.F.);
#1662=ORIENTED_EDGE('',*,*,#1301,.T.);
#1663=ORIENTED_EDGE('',*,*,#1302,.F.);
#1664=ORIENTED_EDGE('',*,*,#1303,.T.);
#1665=ORIENTED_EDGE('',*,*,#1304,.F.);
#1666=ORIENTED_EDGE('',*,*,#1305,.T.);
#1667=ORIENTED_EDGE('',*,*,#1306,.T.);
#1668=ORIENTED_EDGE('',*,*,#1307,.T.);
#1669=ORIENTED_EDGE('',*,*,#1308,.T.);
#1670=ORIENTED_EDGE('',*,*,#1309,.T.);
#1671=ORIENTED_EDGE('',*,*,#1310,.T.);
#1672=ORIENTED_EDGE('',*,*,#1311,.T.);
#1673=ORIENTED_EDGE('',*,*,#1312,.T.);
#1674=ORIENTED_EDGE('',*,*,#1313,.T.);
#1675=ORIENTED_EDGE('',*,*,#1314,.T.);
#1676=ORIENTED_EDGE('',*,*,#1315,.T.);
#1677=ORIENTED_EDGE('',*,*,#1316,.T.);
#1678=ORIENTED_EDGE('',*,*,#1317,.T.);
#1679=ORIENTED_EDGE('',*,*,#1298,.F.);
#1680=ORIENTED_EDGE('',*,*,#1318,.F.);
#1681=ORIENTED_EDGE('',*,*,#1319,.F.);
#1682=ORIENTED_EDGE('',*,*,#1299,.F.);
#1683=ORIENTED_EDGE('',*,*,#1098,.T.);
#1684=ORIENTED_EDGE('',*,*,#1101,.T.);
#1685=ORIENTED_EDGE('',*,*,#1083,.T.);
#1686=ORIENTED_EDGE('',*,*,#1090,.T.);
#1687=ORIENTED_EDGE('',*,*,#1122,.T.);
#1688=ORIENTED_EDGE('',*,*,#1125,.T.);
#1689=ORIENTED_EDGE('',*,*,#1107,.T.);
#1690=ORIENTED_EDGE('',*,*,#1114,.T.);
#1691=ORIENTED_EDGE('',*,*,#1146,.T.);
#1692=ORIENTED_EDGE('',*,*,#1149,.T.);
#1693=ORIENTED_EDGE('',*,*,#1131,.T.);
#1694=ORIENTED_EDGE('',*,*,#1138,.T.);
#1695=ORIENTED_EDGE('',*,*,#1170,.T.);
#1696=ORIENTED_EDGE('',*,*,#1173,.T.);
#1697=ORIENTED_EDGE('',*,*,#1155,.T.);
#1698=ORIENTED_EDGE('',*,*,#1162,.T.);
#1699=ORIENTED_EDGE('',*,*,#1194,.T.);
#1700=ORIENTED_EDGE('',*,*,#1197,.T.);
#1701=ORIENTED_EDGE('',*,*,#1179,.T.);
#1702=ORIENTED_EDGE('',*,*,#1186,.T.);
#1703=ORIENTED_EDGE('',*,*,#1218,.T.);
#1704=ORIENTED_EDGE('',*,*,#1221,.T.);
#1705=ORIENTED_EDGE('',*,*,#1203,.T.);
#1706=ORIENTED_EDGE('',*,*,#1210,.T.);
#1707=ORIENTED_EDGE('',*,*,#1242,.T.);
#1708=ORIENTED_EDGE('',*,*,#1245,.T.);
#1709=ORIENTED_EDGE('',*,*,#1227,.T.);
#1710=ORIENTED_EDGE('',*,*,#1234,.T.);
#1711=ORIENTED_EDGE('',*,*,#1266,.T.);
#1712=ORIENTED_EDGE('',*,*,#1269,.T.);
#1713=ORIENTED_EDGE('',*,*,#1251,.T.);
#1714=ORIENTED_EDGE('',*,*,#1258,.T.);
#1715=ORIENTED_EDGE('',*,*,#1290,.T.);
#1716=ORIENTED_EDGE('',*,*,#1293,.T.);
#1717=ORIENTED_EDGE('',*,*,#1275,.T.);
#1718=ORIENTED_EDGE('',*,*,#1282,.T.);
#1719=ORIENTED_EDGE('',*,*,#1300,.T.);
#1720=ORIENTED_EDGE('',*,*,#1319,.T.);
#1721=ORIENTED_EDGE('',*,*,#1320,.T.);
#1722=ORIENTED_EDGE('',*,*,#1321,.T.);
#1723=ORIENTED_EDGE('',*,*,#1302,.T.);
#1724=ORIENTED_EDGE('',*,*,#1322,.T.);
#1725=ORIENTED_EDGE('',*,*,#1323,.T.);
#1726=ORIENTED_EDGE('',*,*,#1324,.T.);
#1727=ORIENTED_EDGE('',*,*,#1324,.F.);
#1728=ORIENTED_EDGE('',*,*,#1325,.F.);
#1729=ORIENTED_EDGE('',*,*,#1326,.F.);
#1730=ORIENTED_EDGE('',*,*,#1303,.F.);
#1731=ORIENTED_EDGE('',*,*,#1097,.T.);
#1732=ORIENTED_EDGE('',*,*,#1088,.T.);
#1733=ORIENTED_EDGE('',*,*,#1081,.T.);
#1734=ORIENTED_EDGE('',*,*,#1095,.T.);
#1735=ORIENTED_EDGE('',*,*,#1121,.T.);
#1736=ORIENTED_EDGE('',*,*,#1112,.T.);
#1737=ORIENTED_EDGE('',*,*,#1105,.T.);
#1738=ORIENTED_EDGE('',*,*,#1119,.T.);
#1739=ORIENTED_EDGE('',*,*,#1145,.T.);
#1740=ORIENTED_EDGE('',*,*,#1136,.T.);
#1741=ORIENTED_EDGE('',*,*,#1129,.T.);
#1742=ORIENTED_EDGE('',*,*,#1143,.T.);
#1743=ORIENTED_EDGE('',*,*,#1169,.T.);
#1744=ORIENTED_EDGE('',*,*,#1160,.T.);
#1745=ORIENTED_EDGE('',*,*,#1153,.T.);
#1746=ORIENTED_EDGE('',*,*,#1167,.T.);
#1747=ORIENTED_EDGE('',*,*,#1193,.T.);
#1748=ORIENTED_EDGE('',*,*,#1184,.T.);
#1749=ORIENTED_EDGE('',*,*,#1177,.T.);
#1750=ORIENTED_EDGE('',*,*,#1191,.T.);
#1751=ORIENTED_EDGE('',*,*,#1217,.T.);
#1752=ORIENTED_EDGE('',*,*,#1208,.T.);
#1753=ORIENTED_EDGE('',*,*,#1201,.T.);
#1754=ORIENTED_EDGE('',*,*,#1215,.T.);
#1755=ORIENTED_EDGE('',*,*,#1241,.T.);
#1756=ORIENTED_EDGE('',*,*,#1232,.T.);
#1757=ORIENTED_EDGE('',*,*,#1225,.T.);
#1758=ORIENTED_EDGE('',*,*,#1239,.T.);
#1759=ORIENTED_EDGE('',*,*,#1265,.T.);
#1760=ORIENTED_EDGE('',*,*,#1256,.T.);
#1761=ORIENTED_EDGE('',*,*,#1249,.T.);
#1762=ORIENTED_EDGE('',*,*,#1263,.T.);
#1763=ORIENTED_EDGE('',*,*,#1289,.T.);
#1764=ORIENTED_EDGE('',*,*,#1280,.T.);
#1765=ORIENTED_EDGE('',*,*,#1273,.T.);
#1766=ORIENTED_EDGE('',*,*,#1287,.T.);
#1767=ORIENTED_EDGE('',*,*,#1304,.T.);
#1768=ORIENTED_EDGE('',*,*,#1326,.T.);
#1769=ORIENTED_EDGE('',*,*,#1327,.T.);
#1770=ORIENTED_EDGE('',*,*,#1328,.T.);
#1771=ORIENTED_EDGE('',*,*,#1306,.F.);
#1772=ORIENTED_EDGE('',*,*,#1329,.F.);
#1773=ORIENTED_EDGE('',*,*,#1330,.T.);
#1774=ORIENTED_EDGE('',*,*,#1331,.F.);
#1775=ORIENTED_EDGE('',*,*,#1312,.F.);
#1776=ORIENTED_EDGE('',*,*,#1332,.F.);
#1777=ORIENTED_EDGE('',*,*,#1333,.T.);
#1778=ORIENTED_EDGE('',*,*,#1334,.F.);
#1779=ORIENTED_EDGE('',*,*,#1335,.F.);
#1780=ORIENTED_EDGE('',*,*,#1330,.F.);
#1781=ORIENTED_EDGE('',*,*,#1336,.F.);
#1782=ORIENTED_EDGE('',*,*,#1333,.F.);
#1783=ORIENTED_EDGE('',*,*,#1331,.T.);
#1784=ORIENTED_EDGE('',*,*,#1335,.T.);
#1785=ORIENTED_EDGE('',*,*,#1332,.T.);
#1786=ORIENTED_EDGE('',*,*,#1311,.F.);
#1787=ORIENTED_EDGE('',*,*,#1337,.F.);
#1788=ORIENTED_EDGE('',*,*,#1338,.T.);
#1789=ORIENTED_EDGE('',*,*,#1339,.T.);
#1790=ORIENTED_EDGE('',*,*,#1307,.F.);
#1791=ORIENTED_EDGE('',*,*,#1340,.F.);
#1792=ORIENTED_EDGE('',*,*,#1341,.F.);
#1793=ORIENTED_EDGE('',*,*,#1338,.F.);
#1794=ORIENTED_EDGE('',*,*,#1342,.F.);
#1795=ORIENTED_EDGE('',*,*,#1341,.T.);
#1796=ORIENTED_EDGE('',*,*,#1343,.T.);
#1797=ORIENTED_EDGE('',*,*,#1308,.F.);
#1798=ORIENTED_EDGE('',*,*,#1339,.F.);
#1799=ORIENTED_EDGE('',*,*,#1096,.T.);
#1800=ORIENTED_EDGE('',*,*,#1093,.T.);
#1801=ORIENTED_EDGE('',*,*,#1079,.T.);
#1802=ORIENTED_EDGE('',*,*,#1087,.T.);
#1803=ORIENTED_EDGE('',*,*,#1120,.T.);
#1804=ORIENTED_EDGE('',*,*,#1117,.T.);
#1805=ORIENTED_EDGE('',*,*,#1103,.T.);
#1806=ORIENTED_EDGE('',*,*,#1111,.T.);
#1807=ORIENTED_EDGE('',*,*,#1144,.T.);
#1808=ORIENTED_EDGE('',*,*,#1141,.T.);
#1809=ORIENTED_EDGE('',*,*,#1127,.T.);
#1810=ORIENTED_EDGE('',*,*,#1135,.T.);
#1811=ORIENTED_EDGE('',*,*,#1168,.T.);
#1812=ORIENTED_EDGE('',*,*,#1165,.T.);
#1813=ORIENTED_EDGE('',*,*,#1151,.T.);
#1814=ORIENTED_EDGE('',*,*,#1159,.T.);
#1815=ORIENTED_EDGE('',*,*,#1192,.T.);
#1816=ORIENTED_EDGE('',*,*,#1189,.T.);
#1817=ORIENTED_EDGE('',*,*,#1175,.T.);
#1818=ORIENTED_EDGE('',*,*,#1183,.T.);
#1819=ORIENTED_EDGE('',*,*,#1216,.T.);
#1820=ORIENTED_EDGE('',*,*,#1213,.T.);
#1821=ORIENTED_EDGE('',*,*,#1199,.T.);
#1822=ORIENTED_EDGE('',*,*,#1207,.T.);
#1823=ORIENTED_EDGE('',*,*,#1240,.T.);
#1824=ORIENTED_EDGE('',*,*,#1237,.T.);
#1825=ORIENTED_EDGE('',*,*,#1223,.T.);
#1826=ORIENTED_EDGE('',*,*,#1231,.T.);
#1827=ORIENTED_EDGE('',*,*,#1264,.T.);
#1828=ORIENTED_EDGE('',*,*,#1261,.T.);
#1829=ORIENTED_EDGE('',*,*,#1247,.T.);
#1830=ORIENTED_EDGE('',*,*,#1255,.T.);
#1831=ORIENTED_EDGE('',*,*,#1288,.T.);
#1832=ORIENTED_EDGE('',*,*,#1285,.T.);
#1833=ORIENTED_EDGE('',*,*,#1271,.T.);
#1834=ORIENTED_EDGE('',*,*,#1279,.T.);
#1835=ORIENTED_EDGE('',*,*,#1344,.T.);
#1836=ORIENTED_EDGE('',*,*,#1345,.T.);
#1837=ORIENTED_EDGE('',*,*,#1346,.T.);
#1838=ORIENTED_EDGE('',*,*,#1345,.F.);
#1839=ORIENTED_EDGE('',*,*,#1347,.T.);
#1840=ORIENTED_EDGE('',*,*,#1348,.T.);
#1841=ORIENTED_EDGE('',*,*,#1349,.T.);
#1842=ORIENTED_EDGE('',*,*,#1348,.F.);
#1843=ORIENTED_EDGE('',*,*,#1350,.T.);
#1844=ORIENTED_EDGE('',*,*,#1351,.T.);
#1845=ORIENTED_EDGE('',*,*,#1352,.T.);
#1846=ORIENTED_EDGE('',*,*,#1351,.F.);
#1847=ORIENTED_EDGE('',*,*,#1353,.T.);
#1848=ORIENTED_EDGE('',*,*,#1354,.T.);
#1849=ORIENTED_EDGE('',*,*,#1355,.T.);
#1850=ORIENTED_EDGE('',*,*,#1354,.F.);
#1851=ORIENTED_EDGE('',*,*,#1342,.T.);
#1852=ORIENTED_EDGE('',*,*,#1337,.T.);
#1853=ORIENTED_EDGE('',*,*,#1310,.F.);
#1854=ORIENTED_EDGE('',*,*,#1356,.F.);
#1855=ORIENTED_EDGE('',*,*,#1099,.T.);
#1856=ORIENTED_EDGE('',*,*,#1091,.T.);
#1857=ORIENTED_EDGE('',*,*,#1085,.T.);
#1858=ORIENTED_EDGE('',*,*,#1102,.T.);
#1859=ORIENTED_EDGE('',*,*,#1123,.T.);
#1860=ORIENTED_EDGE('',*,*,#1115,.T.);
#1861=ORIENTED_EDGE('',*,*,#1109,.T.);
#1862=ORIENTED_EDGE('',*,*,#1126,.T.);
#1863=ORIENTED_EDGE('',*,*,#1147,.T.);
#1864=ORIENTED_EDGE('',*,*,#1139,.T.);
#1865=ORIENTED_EDGE('',*,*,#1133,.T.);
#1866=ORIENTED_EDGE('',*,*,#1150,.T.);
#1867=ORIENTED_EDGE('',*,*,#1171,.T.);
#1868=ORIENTED_EDGE('',*,*,#1163,.T.);
#1869=ORIENTED_EDGE('',*,*,#1157,.T.);
#1870=ORIENTED_EDGE('',*,*,#1174,.T.);
#1871=ORIENTED_EDGE('',*,*,#1195,.T.);
#1872=ORIENTED_EDGE('',*,*,#1187,.T.);
#1873=ORIENTED_EDGE('',*,*,#1181,.T.);
#1874=ORIENTED_EDGE('',*,*,#1198,.T.);
#1875=ORIENTED_EDGE('',*,*,#1219,.T.);
#1876=ORIENTED_EDGE('',*,*,#1211,.T.);
#1877=ORIENTED_EDGE('',*,*,#1205,.T.);
#1878=ORIENTED_EDGE('',*,*,#1222,.T.);
#1879=ORIENTED_EDGE('',*,*,#1243,.T.);
#1880=ORIENTED_EDGE('',*,*,#1235,.T.);
#1881=ORIENTED_EDGE('',*,*,#1229,.T.);
#1882=ORIENTED_EDGE('',*,*,#1246,.T.);
#1883=ORIENTED_EDGE('',*,*,#1267,.T.);
#1884=ORIENTED_EDGE('',*,*,#1259,.T.);
#1885=ORIENTED_EDGE('',*,*,#1253,.T.);
#1886=ORIENTED_EDGE('',*,*,#1270,.T.);
#1887=ORIENTED_EDGE('',*,*,#1291,.T.);
#1888=ORIENTED_EDGE('',*,*,#1283,.T.);
#1889=ORIENTED_EDGE('',*,*,#1277,.T.);
#1890=ORIENTED_EDGE('',*,*,#1294,.T.);
#1891=ORIENTED_EDGE('',*,*,#1340,.T.);
#1892=ORIENTED_EDGE('',*,*,#1356,.T.);
#1893=ORIENTED_EDGE('',*,*,#1309,.F.);
#1894=ORIENTED_EDGE('',*,*,#1343,.F.);
#1895=ORIENTED_EDGE('',*,*,#1296,.F.);
#1896=ORIENTED_EDGE('',*,*,#1313,.F.);
#1897=ORIENTED_EDGE('',*,*,#1334,.T.);
#1898=ORIENTED_EDGE('',*,*,#1336,.T.);
#1899=ORIENTED_EDGE('',*,*,#1329,.T.);
#1900=ORIENTED_EDGE('',*,*,#1305,.F.);
#1901=ORIENTED_EDGE('',*,*,#1328,.F.);
#1902=ORIENTED_EDGE('',*,*,#1357,.F.);
#1903=ORIENTED_EDGE('',*,*,#1321,.F.);
#1904=ORIENTED_EDGE('',*,*,#1358,.F.);
#1905=ORIENTED_EDGE('',*,*,#1322,.F.);
#1906=ORIENTED_EDGE('',*,*,#1301,.F.);
#1907=ORIENTED_EDGE('',*,*,#1297,.F.);
#1908=ORIENTED_EDGE('',*,*,#1357,.T.);
#1909=ORIENTED_EDGE('',*,*,#1327,.F.);
#1910=ORIENTED_EDGE('',*,*,#1325,.T.);
#1911=ORIENTED_EDGE('',*,*,#1323,.F.);
#1912=ORIENTED_EDGE('',*,*,#1358,.T.);
#1913=ORIENTED_EDGE('',*,*,#1320,.F.);
#1914=ORIENTED_EDGE('',*,*,#1318,.T.);
#1915=ORIENTED_EDGE('',*,*,#1352,.F.);
#1916=ORIENTED_EDGE('',*,*,#1346,.F.);
#1917=ORIENTED_EDGE('',*,*,#1355,.F.);
#1918=ORIENTED_EDGE('',*,*,#1349,.F.);
#1919=ORIENTED_EDGE('',*,*,#1316,.F.);
#1920=ORIENTED_EDGE('',*,*,#1359,.T.);
#1921=ORIENTED_EDGE('',*,*,#1360,.T.);
#1922=ORIENTED_EDGE('',*,*,#1359,.F.);
#1923=ORIENTED_EDGE('',*,*,#1353,.F.);
#1924=ORIENTED_EDGE('',*,*,#1360,.F.);
#1925=ORIENTED_EDGE('',*,*,#1315,.F.);
#1926=ORIENTED_EDGE('',*,*,#1361,.T.);
#1927=ORIENTED_EDGE('',*,*,#1362,.T.);
#1928=ORIENTED_EDGE('',*,*,#1361,.F.);
#1929=ORIENTED_EDGE('',*,*,#1350,.F.);
#1930=ORIENTED_EDGE('',*,*,#1362,.F.);
#1931=ORIENTED_EDGE('',*,*,#1317,.F.);
#1932=ORIENTED_EDGE('',*,*,#1363,.T.);
#1933=ORIENTED_EDGE('',*,*,#1364,.T.);
#1934=ORIENTED_EDGE('',*,*,#1363,.F.);
#1935=ORIENTED_EDGE('',*,*,#1347,.F.);
#1936=ORIENTED_EDGE('',*,*,#1364,.F.);
#1937=ORIENTED_EDGE('',*,*,#1314,.F.);
#1938=ORIENTED_EDGE('',*,*,#1365,.T.);
#1939=ORIENTED_EDGE('',*,*,#1366,.T.);
#1940=ORIENTED_EDGE('',*,*,#1365,.F.);
#1941=ORIENTED_EDGE('',*,*,#1344,.F.);
#1942=ORIENTED_EDGE('',*,*,#1366,.F.);
#1943=PLANE('',#2150);
#1944=PLANE('',#2151);
#1945=PLANE('',#2152);
#1946=PLANE('',#2153);
#1947=PLANE('',#2154);
#1948=PLANE('',#2155);
#1949=PLANE('',#2156);
#1950=PLANE('',#2157);
#1951=PLANE('',#2158);
#1952=PLANE('',#2159);
#1953=PLANE('',#2160);
#1954=PLANE('',#2161);
#1955=PLANE('',#2162);
#1956=PLANE('',#2163);
#1957=PLANE('',#2164);
#1958=PLANE('',#2165);
#1959=PLANE('',#2166);
#1960=PLANE('',#2167);
#1961=PLANE('',#2168);
#1962=PLANE('',#2169);
#1963=PLANE('',#2170);
#1964=PLANE('',#2171);
#1965=PLANE('',#2172);
#1966=PLANE('',#2173);
#1967=PLANE('',#2174);
#1968=PLANE('',#2175);
#1969=PLANE('',#2176);
#1970=PLANE('',#2177);
#1971=PLANE('',#2178);
#1972=PLANE('',#2179);
#1973=PLANE('',#2180);
#1974=PLANE('',#2181);
#1975=PLANE('',#2182);
#1976=PLANE('',#2183);
#1977=PLANE('',#2184);
#1978=PLANE('',#2185);
#1979=PLANE('',#2186);
#1980=PLANE('',#2187);
#1981=PLANE('',#2188);
#1982=PLANE('',#2189);
#1983=PLANE('',#2190);
#1984=PLANE('',#2191);
#1985=PLANE('',#2192);
#1986=PLANE('',#2193);
#1987=PLANE('',#2194);
#1988=PLANE('',#2195);
#1989=PLANE('',#2196);
#1990=PLANE('',#2197);
#1991=PLANE('',#2198);
#1992=PLANE('',#2199);
#1993=PLANE('',#2200);
#1994=PLANE('',#2201);
#1995=PLANE('',#2202);
#1996=PLANE('',#2203);
#1997=PLANE('',#2204);
#1998=PLANE('',#2205);
#1999=PLANE('',#2206);
#2000=PLANE('',#2207);
#2001=PLANE('',#2208);
#2002=PLANE('',#2209);
#2003=PLANE('',#2210);
#2004=PLANE('',#2211);
#2005=PLANE('',#2212);
#2006=PLANE('',#2213);
#2007=PLANE('',#2214);
#2008=PLANE('',#2215);
#2009=PLANE('',#2216);
#2010=PLANE('',#2217);
#2011=PLANE('',#2218);
#2012=PLANE('',#2219);
#2013=PLANE('',#2220);
#2014=PLANE('',#2221);
#2015=PLANE('',#2225);
#2016=PLANE('',#2233);
#2017=PLANE('',#2238);
#2018=PLANE('',#2241);
#2019=PLANE('',#2242);
#2020=PLANE('',#2243);
#2021=PLANE('',#2244);
#2022=PLANE('',#2245);
#2023=PLANE('',#2246);
#2024=PLANE('',#2259);
#2025=PLANE('',#2260);
#2026=PLANE('',#2261);
#2027=PLANE('',#2262);
#2028=PLANE('',#2263);
#2029=PLANE('',#2266);
#2030=PLANE('',#2269);
#2031=PLANE('',#2272);
#2032=PLANE('',#2275);
#2033=ADVANCED_FACE('',(#107),#1943,.F.);
#2034=ADVANCED_FACE('',(#108),#1944,.F.);
#2035=ADVANCED_FACE('',(#109),#1945,.F.);
#2036=ADVANCED_FACE('',(#110),#1946,.F.);
#2037=ADVANCED_FACE('',(#111),#1947,.F.);
#2038=ADVANCED_FACE('',(#112),#1948,.F.);
#2039=ADVANCED_FACE('',(#113),#1949,.F.);
#2040=ADVANCED_FACE('',(#114),#1950,.F.);
#2041=ADVANCED_FACE('',(#115),#1951,.F.);
#2042=ADVANCED_FACE('',(#116),#1952,.F.);
#2043=ADVANCED_FACE('',(#117),#1953,.F.);
#2044=ADVANCED_FACE('',(#118),#1954,.F.);
#2045=ADVANCED_FACE('',(#119),#1955,.F.);
#2046=ADVANCED_FACE('',(#120),#1956,.F.);
#2047=ADVANCED_FACE('',(#121),#1957,.F.);
#2048=ADVANCED_FACE('',(#122),#1958,.F.);
#2049=ADVANCED_FACE('',(#123),#1959,.F.);
#2050=ADVANCED_FACE('',(#124),#1960,.F.);
#2051=ADVANCED_FACE('',(#125),#1961,.F.);
#2052=ADVANCED_FACE('',(#126),#1962,.F.);
#2053=ADVANCED_FACE('',(#127),#1963,.F.);
#2054=ADVANCED_FACE('',(#128),#1964,.F.);
#2055=ADVANCED_FACE('',(#129),#1965,.F.);
#2056=ADVANCED_FACE('',(#130),#1966,.F.);
#2057=ADVANCED_FACE('',(#131),#1967,.F.);
#2058=ADVANCED_FACE('',(#132),#1968,.F.);
#2059=ADVANCED_FACE('',(#133),#1969,.F.);
#2060=ADVANCED_FACE('',(#134),#1970,.F.);
#2061=ADVANCED_FACE('',(#135),#1971,.F.);
#2062=ADVANCED_FACE('',(#136),#1972,.F.);
#2063=ADVANCED_FACE('',(#137),#1973,.F.);
#2064=ADVANCED_FACE('',(#138),#1974,.F.);
#2065=ADVANCED_FACE('',(#139),#1975,.F.);
#2066=ADVANCED_FACE('',(#140),#1976,.F.);
#2067=ADVANCED_FACE('',(#141),#1977,.F.);
#2068=ADVANCED_FACE('',(#142),#1978,.F.);
#2069=ADVANCED_FACE('',(#143),#1979,.F.);
#2070=ADVANCED_FACE('',(#144),#1980,.F.);
#2071=ADVANCED_FACE('',(#145),#1981,.F.);
#2072=ADVANCED_FACE('',(#146),#1982,.F.);
#2073=ADVANCED_FACE('',(#147),#1983,.F.);
#2074=ADVANCED_FACE('',(#148),#1984,.F.);
#2075=ADVANCED_FACE('',(#149),#1985,.F.);
#2076=ADVANCED_FACE('',(#150),#1986,.F.);
#2077=ADVANCED_FACE('',(#151),#1987,.F.);
#2078=ADVANCED_FACE('',(#152),#1988,.F.);
#2079=ADVANCED_FACE('',(#153),#1989,.F.);
#2080=ADVANCED_FACE('',(#154),#1990,.F.);
#2081=ADVANCED_FACE('',(#155),#1991,.F.);
#2082=ADVANCED_FACE('',(#156),#1992,.F.);
#2083=ADVANCED_FACE('',(#157),#1993,.F.);
#2084=ADVANCED_FACE('',(#158),#1994,.F.);
#2085=ADVANCED_FACE('',(#159),#1995,.F.);
#2086=ADVANCED_FACE('',(#160),#1996,.F.);
#2087=ADVANCED_FACE('',(#161),#1997,.F.);
#2088=ADVANCED_FACE('',(#162),#1998,.F.);
#2089=ADVANCED_FACE('',(#163),#1999,.F.);
#2090=ADVANCED_FACE('',(#164),#2000,.F.);
#2091=ADVANCED_FACE('',(#165),#2001,.F.);
#2092=ADVANCED_FACE('',(#166),#2002,.F.);
#2093=ADVANCED_FACE('',(#167),#2003,.F.);
#2094=ADVANCED_FACE('',(#168),#2004,.F.);
#2095=ADVANCED_FACE('',(#169),#2005,.F.);
#2096=ADVANCED_FACE('',(#170),#2006,.F.);
#2097=ADVANCED_FACE('',(#171),#2007,.F.);
#2098=ADVANCED_FACE('',(#172),#2008,.F.);
#2099=ADVANCED_FACE('',(#173),#2009,.F.);
#2100=ADVANCED_FACE('',(#174),#2010,.F.);
#2101=ADVANCED_FACE('',(#175),#2011,.F.);
#2102=ADVANCED_FACE('',(#176),#2012,.F.);
#2103=ADVANCED_FACE('',(#177),#2013,.F.);
#2104=ADVANCED_FACE('',(#178),#2014,.F.);
#2105=ADVANCED_FACE('',(#179),#95,.T.);
#2106=ADVANCED_FACE('',(#180,#23,#24,#25,#26),#2015,.T.);
#2107=ADVANCED_FACE('',(#181,#27,#28,#29,#30,#31,#32,#33,#34,#35),#2016,
 .T.);
#2108=ADVANCED_FACE('',(#182),#96,.T.);
#2109=ADVANCED_FACE('',(#183),#97,.T.);
#2110=ADVANCED_FACE('',(#184,#36,#37,#38,#39,#40,#41,#42,#43,#44),#2017,
 .T.);
#2111=ADVANCED_FACE('',(#185),#98,.T.);
#2112=ADVANCED_FACE('',(#186),#2018,.F.);
#2113=ADVANCED_FACE('',(#187),#2019,.F.);
#2114=ADVANCED_FACE('',(#188),#2020,.F.);
#2115=ADVANCED_FACE('',(#189),#2021,.T.);
#2116=ADVANCED_FACE('',(#190),#2022,.T.);
#2117=ADVANCED_FACE('',(#191,#45,#46,#47,#48,#49,#50,#51,#52,#53),#2023,
 .T.);
#2118=ADVANCED_FACE('',(#192),#99,.F.);
#2119=ADVANCED_FACE('',(#193),#100,.F.);
#2120=ADVANCED_FACE('',(#194),#101,.F.);
#2121=ADVANCED_FACE('',(#195),#102,.F.);
#2122=ADVANCED_FACE('',(#196,#54,#55,#56,#57,#58,#59,#60,#61,#62),#2024,
 .T.);
#2123=ADVANCED_FACE('',(#197),#2025,.T.);
#2124=ADVANCED_FACE('',(#198),#2026,.T.);
#2125=ADVANCED_FACE('',(#199),#2027,.T.);
#2126=ADVANCED_FACE('',(#200,#63,#64,#65,#66),#2028,.F.);
#2127=ADVANCED_FACE('',(#201),#103,.F.);
#2128=ADVANCED_FACE('',(#202,#67),#2029,.F.);
#2129=ADVANCED_FACE('',(#203),#104,.F.);
#2130=ADVANCED_FACE('',(#204,#68),#2030,.F.);
#2131=ADVANCED_FACE('',(#205),#105,.F.);
#2132=ADVANCED_FACE('',(#206,#69),#2031,.F.);
#2133=ADVANCED_FACE('',(#207),#106,.F.);
#2134=ADVANCED_FACE('',(#208,#70),#2032,.F.);
#2135=CLOSED_SHELL('',(#2033,#2034,#2035,#2036,#2037,#2038,#2039,#2040,
#2041,#2042,#2043,#2044,#2045,#2046,#2047,#2048,#2049,#2050,#2051,#2052,
#2053,#2054,#2055,#2056,#2057,#2058,#2059,#2060,#2061,#2062,#2063,#2064,
#2065,#2066,#2067,#2068,#2069,#2070,#2071,#2072,#2073,#2074,#2075,#2076,
#2077,#2078,#2079,#2080,#2081,#2082,#2083,#2084,#2085,#2086,#2087,#2088,
#2089,#2090,#2091,#2092,#2093,#2094,#2095,#2096,#2097,#2098,#2099,#2100,
#2101,#2102,#2103,#2104,#2105,#2106,#2107,#2108,#2109,#2110,#2111,#2112,
#2113,#2114,#2115,#2116,#2117,#2118,#2119,#2120,#2121,#2122,#2123,#2124,
#2125,#2126,#2127,#2128,#2129,#2130,#2131,#2132,#2133,#2134));
#2136=DERIVED_UNIT_ELEMENT(#2138,1.);
#2137=DERIVED_UNIT_ELEMENT(#3395,-3.);
#2138=(
MASS_UNIT()
NAMED_UNIT(*)
SI_UNIT(.KILO.,.GRAM.)
);
#2139=DERIVED_UNIT((#2136,#2137));
#2140=MEASURE_REPRESENTATION_ITEM('density measure',
POSITIVE_RATIO_MEASURE(7850.),#2139);
#2141=PROPERTY_DEFINITION_REPRESENTATION(#2146,#2143);
#2142=PROPERTY_DEFINITION_REPRESENTATION(#2147,#2144);
#2143=REPRESENTATION('material name',(#2145),#3392);
#2144=REPRESENTATION('density',(#2140),#3392);
#2145=DESCRIPTIVE_REPRESENTATION_ITEM('Steel','Steel');
#2146=PROPERTY_DEFINITION('material property','material name',#3407);
#2147=PROPERTY_DEFINITION('material property','density of part',#3407);
#2148=AXIS2_PLACEMENT_3D('',#2802,#2278,#2279);
#2149=AXIS2_PLACEMENT_3D('',#2803,#2280,#2281);
#2150=AXIS2_PLACEMENT_3D('',#2804,#2282,#2283);
#2151=AXIS2_PLACEMENT_3D('',#2813,#2288,#2289);
#2152=AXIS2_PLACEMENT_3D('',#2822,#2294,#2295);
#2153=AXIS2_PLACEMENT_3D('',#2828,#2299,#2300);
#2154=AXIS2_PLACEMENT_3D('',#2834,#2304,#2305);
#2155=AXIS2_PLACEMENT_3D('',#2840,#2309,#2310);
#2156=AXIS2_PLACEMENT_3D('',#2843,#2313,#2314);
#2157=AXIS2_PLACEMENT_3D('',#2849,#2318,#2319);
#2158=AXIS2_PLACEMENT_3D('',#2852,#2322,#2323);
#2159=AXIS2_PLACEMENT_3D('',#2861,#2328,#2329);
#2160=AXIS2_PLACEMENT_3D('',#2870,#2334,#2335);
#2161=AXIS2_PLACEMENT_3D('',#2876,#2339,#2340);
#2162=AXIS2_PLACEMENT_3D('',#2882,#2344,#2345);
#2163=AXIS2_PLACEMENT_3D('',#2888,#2349,#2350);
#2164=AXIS2_PLACEMENT_3D('',#2891,#2353,#2354);
#2165=AXIS2_PLACEMENT_3D('',#2897,#2358,#2359);
#2166=AXIS2_PLACEMENT_3D('',#2900,#2362,#2363);
#2167=AXIS2_PLACEMENT_3D('',#2909,#2368,#2369);
#2168=AXIS2_PLACEMENT_3D('',#2918,#2374,#2375);
#2169=AXIS2_PLACEMENT_3D('',#2924,#2379,#2380);
#2170=AXIS2_PLACEMENT_3D('',#2930,#2384,#2385);
#2171=AXIS2_PLACEMENT_3D('',#2936,#2389,#2390);
#2172=AXIS2_PLACEMENT_3D('',#2939,#2393,#2394);
#2173=AXIS2_PLACEMENT_3D('',#2945,#2398,#2399);
#2174=AXIS2_PLACEMENT_3D('',#2948,#2402,#2403);
#2175=AXIS2_PLACEMENT_3D('',#2957,#2408,#2409);
#2176=AXIS2_PLACEMENT_3D('',#2966,#2414,#2415);
#2177=AXIS2_PLACEMENT_3D('',#2972,#2419,#2420);
#2178=AXIS2_PLACEMENT_3D('',#2978,#2424,#2425);
#2179=AXIS2_PLACEMENT_3D('',#2984,#2429,#2430);
#2180=AXIS2_PLACEMENT_3D('',#2987,#2433,#2434);
#2181=AXIS2_PLACEMENT_3D('',#2993,#2438,#2439);
#2182=AXIS2_PLACEMENT_3D('',#2996,#2442,#2443);
#2183=AXIS2_PLACEMENT_3D('',#3005,#2448,#2449);
#2184=AXIS2_PLACEMENT_3D('',#3014,#2454,#2455);
#2185=AXIS2_PLACEMENT_3D('',#3020,#2459,#2460);
#2186=AXIS2_PLACEMENT_3D('',#3026,#2464,#2465);
#2187=AXIS2_PLACEMENT_3D('',#3032,#2469,#2470);
#2188=AXIS2_PLACEMENT_3D('',#3035,#2473,#2474);
#2189=AXIS2_PLACEMENT_3D('',#3041,#2478,#2479);
#2190=AXIS2_PLACEMENT_3D('',#3044,#2482,#2483);
#2191=AXIS2_PLACEMENT_3D('',#3053,#2488,#2489);
#2192=AXIS2_PLACEMENT_3D('',#3062,#2494,#2495);
#2193=AXIS2_PLACEMENT_3D('',#3068,#2499,#2500);
#2194=AXIS2_PLACEMENT_3D('',#3074,#2504,#2505);
#2195=AXIS2_PLACEMENT_3D('',#3080,#2509,#2510);
#2196=AXIS2_PLACEMENT_3D('',#3083,#2513,#2514);
#2197=AXIS2_PLACEMENT_3D('',#3089,#2518,#2519);
#2198=AXIS2_PLACEMENT_3D('',#3092,#2522,#2523);
#2199=AXIS2_PLACEMENT_3D('',#3101,#2528,#2529);
#2200=AXIS2_PLACEMENT_3D('',#3110,#2534,#2535);
#2201=AXIS2_PLACEMENT_3D('',#3116,#2539,#2540);
#2202=AXIS2_PLACEMENT_3D('',#3122,#2544,#2545);
#2203=AXIS2_PLACEMENT_3D('',#3128,#2549,#2550);
#2204=AXIS2_PLACEMENT_3D('',#3131,#2553,#2554);
#2205=AXIS2_PLACEMENT_3D('',#3137,#2558,#2559);
#2206=AXIS2_PLACEMENT_3D('',#3140,#2562,#2563);
#2207=AXIS2_PLACEMENT_3D('',#3149,#2568,#2569);
#2208=AXIS2_PLACEMENT_3D('',#3158,#2574,#2575);
#2209=AXIS2_PLACEMENT_3D('',#3164,#2579,#2580);
#2210=AXIS2_PLACEMENT_3D('',#3170,#2584,#2585);
#2211=AXIS2_PLACEMENT_3D('',#3176,#2589,#2590);
#2212=AXIS2_PLACEMENT_3D('',#3179,#2593,#2594);
#2213=AXIS2_PLACEMENT_3D('',#3185,#2598,#2599);
#2214=AXIS2_PLACEMENT_3D('',#3188,#2602,#2603);
#2215=AXIS2_PLACEMENT_3D('',#3197,#2608,#2609);
#2216=AXIS2_PLACEMENT_3D('',#3206,#2614,#2615);
#2217=AXIS2_PLACEMENT_3D('',#3212,#2619,#2620);
#2218=AXIS2_PLACEMENT_3D('',#3218,#2624,#2625);
#2219=AXIS2_PLACEMENT_3D('',#3224,#2629,#2630);
#2220=AXIS2_PLACEMENT_3D('',#3227,#2633,#2634);
#2221=AXIS2_PLACEMENT_3D('',#3233,#2638,#2639);
#2222=AXIS2_PLACEMENT_3D('',#3236,#2642,#2643);
#2223=AXIS2_PLACEMENT_3D('',#3239,#2644,#2645);
#2224=AXIS2_PLACEMENT_3D('',#3243,#2647,#2648);
#2225=AXIS2_PLACEMENT_3D('',#3245,#2650,#2651);
#2226=AXIS2_PLACEMENT_3D('',#3249,#2653,#2654);
#2227=AXIS2_PLACEMENT_3D('',#3253,#2656,#2657);
#2228=AXIS2_PLACEMENT_3D('',#3257,#2659,#2660);
#2229=AXIS2_PLACEMENT_3D('',#3276,#2670,#2671);
#2230=AXIS2_PLACEMENT_3D('',#3278,#2672,#2673);
#2231=AXIS2_PLACEMENT_3D('',#3280,#2674,#2675);
#2232=AXIS2_PLACEMENT_3D('',#3282,#2676,#2677);
#2233=AXIS2_PLACEMENT_3D('',#3283,#2678,#2679);
#2234=AXIS2_PLACEMENT_3D('',#3287,#2682,#2683);
#2235=AXIS2_PLACEMENT_3D('',#3289,#2684,#2685);
#2236=AXIS2_PLACEMENT_3D('',#3291,#2687,#2688);
#2237=AXIS2_PLACEMENT_3D('',#3295,#2690,#2691);
#2238=AXIS2_PLACEMENT_3D('',#3297,#2693,#2694);
#2239=AXIS2_PLACEMENT_3D('',#3301,#2697,#2698);
#2240=AXIS2_PLACEMENT_3D('',#3303,#2699,#2700);
#2241=AXIS2_PLACEMENT_3D('',#3305,#2702,#2703);
#2242=AXIS2_PLACEMENT_3D('',#3311,#2707,#2708);
#2243=AXIS2_PLACEMENT_3D('',#3317,#2712,#2713);
#2244=AXIS2_PLACEMENT_3D('',#3320,#2716,#2717);
#2245=AXIS2_PLACEMENT_3D('',#3326,#2721,#2722);
#2246=AXIS2_PLACEMENT_3D('',#3332,#2726,#2727);
#2247=AXIS2_PLACEMENT_3D('',#3334,#2729,#2730);
#2248=AXIS2_PLACEMENT_3D('',#3336,#2731,#2732);
#2249=AXIS2_PLACEMENT_3D('',#3339,#2734,#2735);
#2250=AXIS2_PLACEMENT_3D('',#3340,#2736,#2737);
#2251=AXIS2_PLACEMENT_3D('',#3342,#2738,#2739);
#2252=AXIS2_PLACEMENT_3D('',#3345,#2741,#2742);
#2253=AXIS2_PLACEMENT_3D('',#3346,#2743,#2744);
#2254=AXIS2_PLACEMENT_3D('',#3348,#2745,#2746);
#2255=AXIS2_PLACEMENT_3D('',#3351,#2748,#2749);
#2256=AXIS2_PLACEMENT_3D('',#3352,#2750,#2751);
#2257=AXIS2_PLACEMENT_3D('',#3354,#2752,#2753);
#2258=AXIS2_PLACEMENT_3D('',#3357,#2755,#2756);
#2259=AXIS2_PLACEMENT_3D('',#3358,#2757,#2758);
#2260=AXIS2_PLACEMENT_3D('',#3360,#2760,#2761);
#2261=AXIS2_PLACEMENT_3D('',#3361,#2762,#2763);
#2262=AXIS2_PLACEMENT_3D('',#3363,#2765,#2766);
#2263=AXIS2_PLACEMENT_3D('',#3365,#2768,#2769);
#2264=AXIS2_PLACEMENT_3D('',#3366,#2770,#2771);
#2265=AXIS2_PLACEMENT_3D('',#3369,#2773,#2774);
#2266=AXIS2_PLACEMENT_3D('',#3370,#2775,#2776);
#2267=AXIS2_PLACEMENT_3D('',#3371,#2777,#2778);
#2268=AXIS2_PLACEMENT_3D('',#3374,#2780,#2781);
#2269=AXIS2_PLACEMENT_3D('',#3375,#2782,#2783);
#2270=AXIS2_PLACEMENT_3D('',#3376,#2784,#2785);
#2271=AXIS2_PLACEMENT_3D('',#3379,#2787,#2788);
#2272=AXIS2_PLACEMENT_3D('',#3380,#2789,#2790);
#2273=AXIS2_PLACEMENT_3D('',#3381,#2791,#2792);
#2274=AXIS2_PLACEMENT_3D('',#3384,#2794,#2795);
#2275=AXIS2_PLACEMENT_3D('',#3385,#2796,#2797);
#2276=AXIS2_PLACEMENT_3D('',#3386,#2798,#2799);
#2277=AXIS2_PLACEMENT_3D('',#3387,#2800,#2801);
#2278=DIRECTION('axis',(0.,0.,1.));
#2279=DIRECTION('refdir',(1.,0.,0.));
#2280=DIRECTION('axis',(0.,0.,1.));
#2281=DIRECTION('refdir',(1.,0.,0.));
#2282=DIRECTION('center_axis',(0.,-0.894427190999917,-0.447213595499956));
#2283=DIRECTION('ref_axis',(0.,-0.447213595499956,0.894427190999917));
#2284=DIRECTION('',(0.,0.447213595499956,-0.894427190999917));
#2285=DIRECTION('',(-1.,0.,0.));
#2286=DIRECTION('',(0.,-0.447213595499956,0.894427190999917));
#2287=DIRECTION('',(-1.,0.,0.));
#2288=DIRECTION('center_axis',(0.,-0.894427190999917,-0.447213595499956));
#2289=DIRECTION('ref_axis',(0.,-0.447213595499956,0.894427190999917));
#2290=DIRECTION('',(0.,0.447213595499956,-0.894427190999917));
#2291=DIRECTION('',(-1.,0.,0.));
#2292=DIRECTION('',(0.,-0.447213595499956,0.894427190999917));
#2293=DIRECTION('',(-1.,0.,0.));
#2294=DIRECTION('center_axis',(0.,0.447213595499958,-0.894427190999916));
#2295=DIRECTION('ref_axis',(0.,-0.894427190999916,-0.447213595499958));
#2296=DIRECTION('',(0.,0.894427190999916,0.447213595499958));
#2297=DIRECTION('',(0.,-0.894427190999916,-0.447213595499958));
#2298=DIRECTION('',(-1.,0.,0.));
#2299=DIRECTION('center_axis',(0.,0.447213595499958,-0.894427190999916));
#2300=DIRECTION('ref_axis',(0.,-0.894427190999916,-0.447213595499958));
#2301=DIRECTION('',(0.,0.894427190999916,0.447213595499958));
#2302=DIRECTION('',(0.,-0.894427190999916,-0.447213595499958));
#2303=DIRECTION('',(-1.,0.,0.));
#2304=DIRECTION('center_axis',(0.,-0.447213595499958,0.894427190999916));
#2305=DIRECTION('ref_axis',(0.,0.894427190999916,0.447213595499958));
#2306=DIRECTION('',(0.,-0.894427190999916,-0.447213595499958));
#2307=DIRECTION('',(-1.,0.,0.));
#2308=DIRECTION('',(0.,0.894427190999916,0.447213595499958));
#2309=DIRECTION('center_axis',(0.,0.894427190999917,0.447213595499956));
#2310=DIRECTION('ref_axis',(0.,0.447213595499956,-0.894427190999917));
#2311=DIRECTION('',(0.,-0.447213595499956,0.894427190999917));
#2312=DIRECTION('',(0.,0.447213595499956,-0.894427190999917));
#2313=DIRECTION('center_axis',(0.,0.894427190999917,0.447213595499956));
#2314=DIRECTION('ref_axis',(0.,0.447213595499956,-0.894427190999917));
#2315=DIRECTION('',(0.,-0.447213595499956,0.894427190999917));
#2316=DIRECTION('',(0.,0.447213595499956,-0.894427190999917));
#2317=DIRECTION('',(-1.,0.,0.));
#2318=DIRECTION('center_axis',(0.,-0.447213595499958,0.894427190999916));
#2319=DIRECTION('ref_axis',(0.,0.894427190999916,0.447213595499958));
#2320=DIRECTION('',(0.,-0.894427190999916,-0.447213595499958));
#2321=DIRECTION('',(0.,0.894427190999916,0.447213595499958));
#2322=DIRECTION('center_axis',(0.,-0.894427190999917,-0.447213595499956));
#2323=DIRECTION('ref_axis',(0.,-0.447213595499956,0.894427190999917));
#2324=DIRECTION('',(0.,0.447213595499956,-0.894427190999917));
#2325=DIRECTION('',(-1.,0.,0.));
#2326=DIRECTION('',(0.,-0.447213595499956,0.894427190999917));
#2327=DIRECTION('',(-1.,0.,0.));
#2328=DIRECTION('center_axis',(0.,-0.894427190999917,-0.447213595499956));
#2329=DIRECTION('ref_axis',(0.,-0.447213595499956,0.894427190999917));
#2330=DIRECTION('',(0.,0.447213595499956,-0.894427190999917));
#2331=DIRECTION('',(-1.,0.,0.));
#2332=DIRECTION('',(0.,-0.447213595499956,0.894427190999917));
#2333=DIRECTION('',(-1.,0.,0.));
#2334=DIRECTION('center_axis',(0.,0.447213595499958,-0.894427190999916));
#2335=DIRECTION('ref_axis',(0.,-0.894427190999916,-0.447213595499958));
#2336=DIRECTION('',(0.,0.894427190999916,0.447213595499958));
#2337=DIRECTION('',(0.,-0.894427190999916,-0.447213595499958));
#2338=DIRECTION('',(-1.,0.,0.));
#2339=DIRECTION('center_axis',(0.,0.447213595499958,-0.894427190999916));
#2340=DIRECTION('ref_axis',(0.,-0.894427190999916,-0.447213595499958));
#2341=DIRECTION('',(0.,0.894427190999916,0.447213595499958));
#2342=DIRECTION('',(0.,-0.894427190999916,-0.447213595499958));
#2343=DIRECTION('',(-1.,0.,0.));
#2344=DIRECTION('center_axis',(0.,-0.447213595499958,0.894427190999916));
#2345=DIRECTION('ref_axis',(0.,0.894427190999916,0.447213595499958));
#2346=DIRECTION('',(0.,-0.894427190999916,-0.447213595499958));
#2347=DIRECTION('',(-1.,0.,0.));
#2348=DIRECTION('',(0.,0.894427190999916,0.447213595499958));
#2349=DIRECTION('center_axis',(0.,0.894427190999917,0.447213595499956));
#2350=DIRECTION('ref_axis',(0.,0.447213595499956,-0.894427190999917));
#2351=DIRECTION('',(0.,-0.447213595499956,0.894427190999917));
#2352=DIRECTION('',(0.,0.447213595499956,-0.894427190999917));
#2353=DIRECTION('center_axis',(0.,0.894427190999917,0.447213595499956));
#2354=DIRECTION('ref_axis',(0.,0.447213595499956,-0.894427190999917));
#2355=DIRECTION('',(0.,-0.447213595499956,0.894427190999917));
#2356=DIRECTION('',(0.,0.447213595499956,-0.894427190999917));
#2357=DIRECTION('',(-1.,0.,0.));
#2358=DIRECTION('center_axis',(0.,-0.447213595499958,0.894427190999916));
#2359=DIRECTION('ref_axis',(0.,0.894427190999916,0.447213595499958));
#2360=DIRECTION('',(0.,-0.894427190999916,-0.447213595499958));
#2361=DIRECTION('',(0.,0.894427190999916,0.447213595499958));
#2362=DIRECTION('center_axis',(0.,-0.894427190999917,-0.447213595499956));
#2363=DIRECTION('ref_axis',(0.,-0.447213595499956,0.894427190999917));
#2364=DIRECTION('',(0.,0.447213595499956,-0.894427190999917));
#2365=DIRECTION('',(-1.,0.,0.));
#2366=DIRECTION('',(0.,-0.447213595499956,0.894427190999917));
#2367=DIRECTION('',(-1.,0.,0.));
#2368=DIRECTION('center_axis',(0.,-0.894427190999917,-0.447213595499956));
#2369=DIRECTION('ref_axis',(0.,-0.447213595499956,0.894427190999917));
#2370=DIRECTION('',(0.,0.447213595499956,-0.894427190999917));
#2371=DIRECTION('',(-1.,0.,0.));
#2372=DIRECTION('',(0.,-0.447213595499956,0.894427190999917));
#2373=DIRECTION('',(-1.,0.,0.));
#2374=DIRECTION('center_axis',(0.,0.447213595499958,-0.894427190999916));
#2375=DIRECTION('ref_axis',(0.,-0.894427190999916,-0.447213595499958));
#2376=DIRECTION('',(0.,0.894427190999916,0.447213595499958));
#2377=DIRECTION('',(0.,-0.894427190999916,-0.447213595499958));
#2378=DIRECTION('',(-1.,0.,0.));
#2379=DIRECTION('center_axis',(0.,0.447213595499958,-0.894427190999916));
#2380=DIRECTION('ref_axis',(0.,-0.894427190999916,-0.447213595499958));
#2381=DIRECTION('',(0.,0.894427190999916,0.447213595499958));
#2382=DIRECTION('',(0.,-0.894427190999916,-0.447213595499958));
#2383=DIRECTION('',(-1.,0.,0.));
#2384=DIRECTION('center_axis',(0.,-0.447213595499958,0.894427190999916));
#2385=DIRECTION('ref_axis',(0.,0.894427190999916,0.447213595499958));
#2386=DIRECTION('',(0.,-0.894427190999916,-0.447213595499958));
#2387=DIRECTION('',(-1.,0.,0.));
#2388=DIRECTION('',(0.,0.894427190999916,0.447213595499958));
#2389=DIRECTION('center_axis',(0.,0.894427190999917,0.447213595499956));
#2390=DIRECTION('ref_axis',(0.,0.447213595499956,-0.894427190999917));
#2391=DIRECTION('',(0.,-0.447213595499956,0.894427190999917));
#2392=DIRECTION('',(0.,0.447213595499956,-0.894427190999917));
#2393=DIRECTION('center_axis',(0.,0.894427190999917,0.447213595499956));
#2394=DIRECTION('ref_axis',(0.,0.447213595499956,-0.894427190999917));
#2395=DIRECTION('',(0.,-0.447213595499956,0.894427190999917));
#2396=DIRECTION('',(0.,0.447213595499956,-0.894427190999917));
#2397=DIRECTION('',(-1.,0.,0.));
#2398=DIRECTION('center_axis',(0.,-0.447213595499958,0.894427190999916));
#2399=DIRECTION('ref_axis',(0.,0.894427190999916,0.447213595499958));
#2400=DIRECTION('',(0.,-0.894427190999916,-0.447213595499958));
#2401=DIRECTION('',(0.,0.894427190999916,0.447213595499958));
#2402=DIRECTION('center_axis',(0.,-0.894427190999917,-0.447213595499956));
#2403=DIRECTION('ref_axis',(0.,-0.447213595499956,0.894427190999917));
#2404=DIRECTION('',(0.,0.447213595499956,-0.894427190999917));
#2405=DIRECTION('',(-1.,0.,0.));
#2406=DIRECTION('',(0.,-0.447213595499956,0.894427190999917));
#2407=DIRECTION('',(-1.,0.,0.));
#2408=DIRECTION('center_axis',(0.,-0.894427190999917,-0.447213595499956));
#2409=DIRECTION('ref_axis',(0.,-0.447213595499956,0.894427190999917));
#2410=DIRECTION('',(0.,0.447213595499956,-0.894427190999917));
#2411=DIRECTION('',(-1.,0.,0.));
#2412=DIRECTION('',(0.,-0.447213595499956,0.894427190999917));
#2413=DIRECTION('',(-1.,0.,0.));
#2414=DIRECTION('center_axis',(0.,0.447213595499958,-0.894427190999916));
#2415=DIRECTION('ref_axis',(0.,-0.894427190999916,-0.447213595499958));
#2416=DIRECTION('',(0.,0.894427190999916,0.447213595499958));
#2417=DIRECTION('',(0.,-0.894427190999916,-0.447213595499958));
#2418=DIRECTION('',(-1.,0.,0.));
#2419=DIRECTION('center_axis',(0.,0.447213595499958,-0.894427190999916));
#2420=DIRECTION('ref_axis',(0.,-0.894427190999916,-0.447213595499958));
#2421=DIRECTION('',(0.,0.894427190999916,0.447213595499958));
#2422=DIRECTION('',(0.,-0.894427190999916,-0.447213595499958));
#2423=DIRECTION('',(-1.,0.,0.));
#2424=DIRECTION('center_axis',(0.,-0.447213595499958,0.894427190999916));
#2425=DIRECTION('ref_axis',(0.,0.894427190999916,0.447213595499958));
#2426=DIRECTION('',(0.,-0.894427190999916,-0.447213595499958));
#2427=DIRECTION('',(-1.,0.,0.));
#2428=DIRECTION('',(0.,0.894427190999916,0.447213595499958));
#2429=DIRECTION('center_axis',(0.,0.894427190999917,0.447213595499956));
#2430=DIRECTION('ref_axis',(0.,0.447213595499956,-0.894427190999917));
#2431=DIRECTION('',(0.,-0.447213595499956,0.894427190999917));
#2432=DIRECTION('',(0.,0.447213595499956,-0.894427190999917));
#2433=DIRECTION('center_axis',(0.,0.894427190999917,0.447213595499956));
#2434=DIRECTION('ref_axis',(0.,0.447213595499956,-0.894427190999917));
#2435=DIRECTION('',(0.,-0.447213595499956,0.894427190999917));
#2436=DIRECTION('',(0.,0.447213595499956,-0.894427190999917));
#2437=DIRECTION('',(-1.,0.,0.));
#2438=DIRECTION('center_axis',(0.,-0.447213595499958,0.894427190999916));
#2439=DIRECTION('ref_axis',(0.,0.894427190999916,0.447213595499958));
#2440=DIRECTION('',(0.,-0.894427190999916,-0.447213595499958));
#2441=DIRECTION('',(0.,0.894427190999916,0.447213595499958));
#2442=DIRECTION('center_axis',(0.,-0.894427190999917,-0.447213595499956));
#2443=DIRECTION('ref_axis',(0.,-0.447213595499956,0.894427190999917));
#2444=DIRECTION('',(0.,0.447213595499956,-0.894427190999917));
#2445=DIRECTION('',(-1.,0.,0.));
#2446=DIRECTION('',(0.,-0.447213595499956,0.894427190999917));
#2447=DIRECTION('',(-1.,0.,0.));
#2448=DIRECTION('center_axis',(0.,-0.894427190999917,-0.447213595499956));
#2449=DIRECTION('ref_axis',(0.,-0.447213595499956,0.894427190999917));
#2450=DIRECTION('',(0.,0.447213595499956,-0.894427190999917));
#2451=DIRECTION('',(-1.,0.,0.));
#2452=DIRECTION('',(0.,-0.447213595499956,0.894427190999917));
#2453=DIRECTION('',(-1.,0.,0.));
#2454=DIRECTION('center_axis',(0.,0.447213595499958,-0.894427190999916));
#2455=DIRECTION('ref_axis',(0.,-0.894427190999916,-0.447213595499958));
#2456=DIRECTION('',(0.,0.894427190999916,0.447213595499958));
#2457=DIRECTION('',(0.,-0.894427190999916,-0.447213595499958));
#2458=DIRECTION('',(-1.,0.,0.));
#2459=DIRECTION('center_axis',(0.,0.447213595499958,-0.894427190999916));
#2460=DIRECTION('ref_axis',(0.,-0.894427190999916,-0.447213595499958));
#2461=DIRECTION('',(0.,0.894427190999916,0.447213595499958));
#2462=DIRECTION('',(0.,-0.894427190999916,-0.447213595499958));
#2463=DIRECTION('',(-1.,0.,0.));
#2464=DIRECTION('center_axis',(0.,-0.447213595499958,0.894427190999916));
#2465=DIRECTION('ref_axis',(0.,0.894427190999916,0.447213595499958));
#2466=DIRECTION('',(0.,-0.894427190999916,-0.447213595499958));
#2467=DIRECTION('',(-1.,0.,0.));
#2468=DIRECTION('',(0.,0.894427190999916,0.447213595499958));
#2469=DIRECTION('center_axis',(0.,0.894427190999917,0.447213595499956));
#2470=DIRECTION('ref_axis',(0.,0.447213595499956,-0.894427190999917));
#2471=DIRECTION('',(0.,-0.447213595499956,0.894427190999917));
#2472=DIRECTION('',(0.,0.447213595499956,-0.894427190999917));
#2473=DIRECTION('center_axis',(0.,0.894427190999917,0.447213595499956));
#2474=DIRECTION('ref_axis',(0.,0.447213595499956,-0.894427190999917));
#2475=DIRECTION('',(0.,-0.447213595499956,0.894427190999917));
#2476=DIRECTION('',(0.,0.447213595499956,-0.894427190999917));
#2477=DIRECTION('',(-1.,0.,0.));
#2478=DIRECTION('center_axis',(0.,-0.447213595499958,0.894427190999916));
#2479=DIRECTION('ref_axis',(0.,0.894427190999916,0.447213595499958));
#2480=DIRECTION('',(0.,-0.894427190999916,-0.447213595499958));
#2481=DIRECTION('',(0.,0.894427190999916,0.447213595499958));
#2482=DIRECTION('center_axis',(0.,-0.894427190999917,-0.447213595499956));
#2483=DIRECTION('ref_axis',(0.,-0.447213595499956,0.894427190999917));
#2484=DIRECTION('',(0.,0.447213595499956,-0.894427190999917));
#2485=DIRECTION('',(-1.,0.,0.));
#2486=DIRECTION('',(0.,-0.447213595499956,0.894427190999917));
#2487=DIRECTION('',(-1.,0.,0.));
#2488=DIRECTION('center_axis',(0.,-0.894427190999917,-0.447213595499956));
#2489=DIRECTION('ref_axis',(0.,-0.447213595499956,0.894427190999917));
#2490=DIRECTION('',(0.,0.447213595499956,-0.894427190999917));
#2491=DIRECTION('',(-1.,0.,0.));
#2492=DIRECTION('',(0.,-0.447213595499956,0.894427190999917));
#2493=DIRECTION('',(-1.,0.,0.));
#2494=DIRECTION('center_axis',(0.,0.447213595499958,-0.894427190999916));
#2495=DIRECTION('ref_axis',(0.,-0.894427190999916,-0.447213595499958));
#2496=DIRECTION('',(0.,0.894427190999916,0.447213595499958));
#2497=DIRECTION('',(0.,-0.894427190999916,-0.447213595499958));
#2498=DIRECTION('',(-1.,0.,0.));
#2499=DIRECTION('center_axis',(0.,0.447213595499958,-0.894427190999916));
#2500=DIRECTION('ref_axis',(0.,-0.894427190999916,-0.447213595499958));
#2501=DIRECTION('',(0.,0.894427190999916,0.447213595499958));
#2502=DIRECTION('',(0.,-0.894427190999916,-0.447213595499958));
#2503=DIRECTION('',(-1.,0.,0.));
#2504=DIRECTION('center_axis',(0.,-0.447213595499958,0.894427190999916));
#2505=DIRECTION('ref_axis',(0.,0.894427190999916,0.447213595499958));
#2506=DIRECTION('',(0.,-0.894427190999916,-0.447213595499958));
#2507=DIRECTION('',(-1.,0.,0.));
#2508=DIRECTION('',(0.,0.894427190999916,0.447213595499958));
#2509=DIRECTION('center_axis',(0.,0.894427190999917,0.447213595499956));
#2510=DIRECTION('ref_axis',(0.,0.447213595499956,-0.894427190999917));
#2511=DIRECTION('',(0.,-0.447213595499956,0.894427190999917));
#2512=DIRECTION('',(0.,0.447213595499956,-0.894427190999917));
#2513=DIRECTION('center_axis',(0.,0.894427190999917,0.447213595499956));
#2514=DIRECTION('ref_axis',(0.,0.447213595499956,-0.894427190999917));
#2515=DIRECTION('',(0.,-0.447213595499956,0.894427190999917));
#2516=DIRECTION('',(0.,0.447213595499956,-0.894427190999917));
#2517=DIRECTION('',(-1.,0.,0.));
#2518=DIRECTION('center_axis',(0.,-0.447213595499958,0.894427190999916));
#2519=DIRECTION('ref_axis',(0.,0.894427190999916,0.447213595499958));
#2520=DIRECTION('',(0.,-0.894427190999916,-0.447213595499958));
#2521=DIRECTION('',(0.,0.894427190999916,0.447213595499958));
#2522=DIRECTION('center_axis',(0.,-0.894427190999917,-0.447213595499956));
#2523=DIRECTION('ref_axis',(0.,-0.447213595499956,0.894427190999917));
#2524=DIRECTION('',(0.,0.447213595499956,-0.894427190999917));
#2525=DIRECTION('',(-1.,0.,0.));
#2526=DIRECTION('',(0.,-0.447213595499956,0.894427190999917));
#2527=DIRECTION('',(-1.,0.,0.));
#2528=DIRECTION('center_axis',(0.,-0.894427190999917,-0.447213595499956));
#2529=DIRECTION('ref_axis',(0.,-0.447213595499956,0.894427190999917));
#2530=DIRECTION('',(0.,0.447213595499956,-0.894427190999917));
#2531=DIRECTION('',(-1.,0.,0.));
#2532=DIRECTION('',(0.,-0.447213595499956,0.894427190999917));
#2533=DIRECTION('',(-1.,0.,0.));
#2534=DIRECTION('center_axis',(0.,0.447213595499958,-0.894427190999916));
#2535=DIRECTION('ref_axis',(0.,-0.894427190999916,-0.447213595499958));
#2536=DIRECTION('',(0.,0.894427190999916,0.447213595499958));
#2537=DIRECTION('',(0.,-0.894427190999916,-0.447213595499958));
#2538=DIRECTION('',(-1.,0.,0.));
#2539=DIRECTION('center_axis',(0.,0.447213595499958,-0.894427190999916));
#2540=DIRECTION('ref_axis',(0.,-0.894427190999916,-0.447213595499958));
#2541=DIRECTION('',(0.,0.894427190999916,0.447213595499958));
#2542=DIRECTION('',(0.,-0.894427190999916,-0.447213595499958));
#2543=DIRECTION('',(-1.,0.,0.));
#2544=DIRECTION('center_axis',(0.,-0.447213595499958,0.894427190999916));
#2545=DIRECTION('ref_axis',(0.,0.894427190999916,0.447213595499958));
#2546=DIRECTION('',(0.,-0.894427190999916,-0.447213595499958));
#2547=DIRECTION('',(-1.,0.,0.));
#2548=DIRECTION('',(0.,0.894427190999916,0.447213595499958));
#2549=DIRECTION('center_axis',(0.,0.894427190999917,0.447213595499956));
#2550=DIRECTION('ref_axis',(0.,0.447213595499956,-0.894427190999917));
#2551=DIRECTION('',(0.,-0.447213595499956,0.894427190999917));
#2552=DIRECTION('',(0.,0.447213595499956,-0.894427190999917));
#2553=DIRECTION('center_axis',(0.,0.894427190999917,0.447213595499956));
#2554=DIRECTION('ref_axis',(0.,0.447213595499956,-0.894427190999917));
#2555=DIRECTION('',(0.,-0.447213595499956,0.894427190999917));
#2556=DIRECTION('',(0.,0.447213595499956,-0.894427190999917));
#2557=DIRECTION('',(-1.,0.,0.));
#2558=DIRECTION('center_axis',(0.,-0.447213595499958,0.894427190999916));
#2559=DIRECTION('ref_axis',(0.,0.894427190999916,0.447213595499958));
#2560=DIRECTION('',(0.,-0.894427190999916,-0.447213595499958));
#2561=DIRECTION('',(0.,0.894427190999916,0.447213595499958));
#2562=DIRECTION('center_axis',(0.,-0.894427190999917,-0.447213595499956));
#2563=DIRECTION('ref_axis',(0.,-0.447213595499956,0.894427190999917));
#2564=DIRECTION('',(0.,0.447213595499956,-0.894427190999917));
#2565=DIRECTION('',(-1.,0.,0.));
#2566=DIRECTION('',(0.,-0.447213595499956,0.894427190999917));
#2567=DIRECTION('',(-1.,0.,0.));
#2568=DIRECTION('center_axis',(0.,-0.894427190999917,-0.447213595499956));
#2569=DIRECTION('ref_axis',(0.,-0.447213595499956,0.894427190999917));
#2570=DIRECTION('',(0.,0.447213595499956,-0.894427190999917));
#2571=DIRECTION('',(-1.,0.,0.));
#2572=DIRECTION('',(0.,-0.447213595499956,0.894427190999917));
#2573=DIRECTION('',(-1.,0.,0.));
#2574=DIRECTION('center_axis',(0.,0.447213595499958,-0.894427190999916));
#2575=DIRECTION('ref_axis',(0.,-0.894427190999916,-0.447213595499958));
#2576=DIRECTION('',(0.,0.894427190999916,0.447213595499958));
#2577=DIRECTION('',(0.,-0.894427190999916,-0.447213595499958));
#2578=DIRECTION('',(-1.,0.,0.));
#2579=DIRECTION('center_axis',(0.,0.447213595499958,-0.894427190999916));
#2580=DIRECTION('ref_axis',(0.,-0.894427190999916,-0.447213595499958));
#2581=DIRECTION('',(0.,0.894427190999916,0.447213595499958));
#2582=DIRECTION('',(0.,-0.894427190999916,-0.447213595499958));
#2583=DIRECTION('',(-1.,0.,0.));
#2584=DIRECTION('center_axis',(0.,-0.447213595499958,0.894427190999916));
#2585=DIRECTION('ref_axis',(0.,0.894427190999916,0.447213595499958));
#2586=DIRECTION('',(0.,-0.894427190999916,-0.447213595499958));
#2587=DIRECTION('',(-1.,0.,0.));
#2588=DIRECTION('',(0.,0.894427190999916,0.447213595499958));
#2589=DIRECTION('center_axis',(0.,0.894427190999917,0.447213595499956));
#2590=DIRECTION('ref_axis',(0.,0.447213595499956,-0.894427190999917));
#2591=DIRECTION('',(0.,-0.447213595499956,0.894427190999917));
#2592=DIRECTION('',(0.,0.447213595499956,-0.894427190999917));
#2593=DIRECTION('center_axis',(0.,0.894427190999917,0.447213595499956));
#2594=DIRECTION('ref_axis',(0.,0.447213595499956,-0.894427190999917));
#2595=DIRECTION('',(0.,-0.447213595499956,0.894427190999917));
#2596=DIRECTION('',(0.,0.447213595499956,-0.894427190999917));
#2597=DIRECTION('',(-1.,0.,0.));
#2598=DIRECTION('center_axis',(0.,-0.447213595499958,0.894427190999916));
#2599=DIRECTION('ref_axis',(0.,0.894427190999916,0.447213595499958));
#2600=DIRECTION('',(0.,-0.894427190999916,-0.447213595499958));
#2601=DIRECTION('',(0.,0.894427190999916,0.447213595499958));
#2602=DIRECTION('center_axis',(0.,-0.894427190999917,-0.447213595499956));
#2603=DIRECTION('ref_axis',(0.,-0.447213595499956,0.894427190999917));
#2604=DIRECTION('',(0.,0.447213595499956,-0.894427190999917));
#2605=DIRECTION('',(-1.,0.,0.));
#2606=DIRECTION('',(0.,-0.447213595499956,0.894427190999917));
#2607=DIRECTION('',(-1.,0.,0.));
#2608=DIRECTION('center_axis',(0.,-0.894427190999917,-0.447213595499956));
#2609=DIRECTION('ref_axis',(0.,-0.447213595499956,0.894427190999917));
#2610=DIRECTION('',(0.,0.447213595499956,-0.894427190999917));
#2611=DIRECTION('',(-1.,0.,0.));
#2612=DIRECTION('',(0.,-0.447213595499956,0.894427190999917));
#2613=DIRECTION('',(-1.,0.,0.));
#2614=DIRECTION('center_axis',(0.,0.447213595499958,-0.894427190999916));
#2615=DIRECTION('ref_axis',(0.,-0.894427190999916,-0.447213595499958));
#2616=DIRECTION('',(0.,0.894427190999916,0.447213595499958));
#2617=DIRECTION('',(0.,-0.894427190999916,-0.447213595499958));
#2618=DIRECTION('',(-1.,0.,0.));
#2619=DIRECTION('center_axis',(0.,0.447213595499958,-0.894427190999916));
#2620=DIRECTION('ref_axis',(0.,-0.894427190999916,-0.447213595499958));
#2621=DIRECTION('',(0.,0.894427190999916,0.447213595499958));
#2622=DIRECTION('',(0.,-0.894427190999916,-0.447213595499958));
#2623=DIRECTION('',(-1.,0.,0.));
#2624=DIRECTION('center_axis',(0.,-0.447213595499958,0.894427190999916));
#2625=DIRECTION('ref_axis',(0.,0.894427190999916,0.447213595499958));
#2626=DIRECTION('',(0.,-0.894427190999916,-0.447213595499958));
#2627=DIRECTION('',(-1.,0.,0.));
#2628=DIRECTION('',(0.,0.894427190999916,0.447213595499958));
#2629=DIRECTION('center_axis',(0.,0.894427190999917,0.447213595499956));
#2630=DIRECTION('ref_axis',(0.,0.447213595499956,-0.894427190999917));
#2631=DIRECTION('',(0.,-0.447213595499956,0.894427190999917));
#2632=DIRECTION('',(0.,0.447213595499956,-0.894427190999917));
#2633=DIRECTION('center_axis',(0.,0.894427190999917,0.447213595499956));
#2634=DIRECTION('ref_axis',(0.,0.447213595499956,-0.894427190999917));
#2635=DIRECTION('',(0.,-0.447213595499956,0.894427190999917));
#2636=DIRECTION('',(0.,0.447213595499956,-0.894427190999917));
#2637=DIRECTION('',(-1.,0.,0.));
#2638=DIRECTION('center_axis',(0.,-0.447213595499958,0.894427190999916));
#2639=DIRECTION('ref_axis',(0.,0.894427190999916,0.447213595499958));
#2640=DIRECTION('',(0.,-0.894427190999916,-0.447213595499958));
#2641=DIRECTION('',(0.,0.894427190999916,0.447213595499958));
#2642=DIRECTION('center_axis',(0.,0.,1.));
#2643=DIRECTION('ref_axis',(-0.707106781186548,0.707106781186547,0.));
#2644=DIRECTION('center_axis',(0.,0.,-1.));
#2645=DIRECTION('ref_axis',(-0.707106781186548,0.707106781186547,0.));
#2646=DIRECTION('',(0.,0.,-1.));
#2647=DIRECTION('center_axis',(0.,0.,1.));
#2648=DIRECTION('ref_axis',(-0.707106781186548,0.707106781186547,0.));
#2649=DIRECTION('',(0.,0.,1.));
#2650=DIRECTION('center_axis',(0.,0.,1.));
#2651=DIRECTION('ref_axis',(1.,0.,0.));
#2652=DIRECTION('',(0.,-1.,0.));
#2653=DIRECTION('center_axis',(0.,0.,-1.));
#2654=DIRECTION('ref_axis',(-0.707106781186547,-0.707106781186548,0.));
#2655=DIRECTION('',(1.,0.,0.));
#2656=DIRECTION('center_axis',(0.,0.,-1.));
#2657=DIRECTION('ref_axis',(0.707106781186547,-0.707106781186547,0.));
#2658=DIRECTION('',(0.,1.,0.));
#2659=DIRECTION('center_axis',(0.,0.,-1.));
#2660=DIRECTION('ref_axis',(0.707106781186547,0.707106781186547,0.));
#2661=DIRECTION('',(-1.,0.,0.));
#2662=DIRECTION('',(0.,-1.,0.));
#2663=DIRECTION('',(1.,0.,0.));
#2664=DIRECTION('',(0.,-1.,0.));
#2665=DIRECTION('',(-1.,0.,0.));
#2666=DIRECTION('',(0.,1.,0.));
#2667=DIRECTION('',(1.,0.,0.));
#2668=DIRECTION('',(0.,1.,0.));
#2669=DIRECTION('',(-1.,0.,0.));
#2670=DIRECTION('center_axis',(0.,0.,-1.));
#2671=DIRECTION('ref_axis',(1.,0.,0.));
#2672=DIRECTION('center_axis',(0.,0.,-1.));
#2673=DIRECTION('ref_axis',(1.,0.,0.));
#2674=DIRECTION('center_axis',(0.,0.,-1.));
#2675=DIRECTION('ref_axis',(1.,0.,0.));
#2676=DIRECTION('center_axis',(0.,0.,-1.));
#2677=DIRECTION('ref_axis',(1.,0.,0.));
#2678=DIRECTION('center_axis',(-1.,0.,0.));
#2679=DIRECTION('ref_axis',(0.,-1.,0.));
#2680=DIRECTION('',(0.,1.,0.));
#2681=DIRECTION('',(0.,0.,-1.));
#2682=DIRECTION('center_axis',(0.,0.,1.));
#2683=DIRECTION('ref_axis',(-0.707106781186547,-0.707106781186548,0.));
#2684=DIRECTION('center_axis',(0.,0.,1.));
#2685=DIRECTION('ref_axis',(-0.707106781186547,-0.707106781186548,0.));
#2686=DIRECTION('',(0.,0.,1.));
#2687=DIRECTION('center_axis',(0.,0.,1.));
#2688=DIRECTION('ref_axis',(0.707106781186547,-0.707106781186547,0.));
#2689=DIRECTION('',(0.,0.,-1.));
#2690=DIRECTION('center_axis',(0.,0.,1.));
#2691=DIRECTION('ref_axis',(0.707106781186547,-0.707106781186547,0.));
#2692=DIRECTION('',(0.,0.,1.));
#2693=DIRECTION('center_axis',(1.,0.,0.));
#2694=DIRECTION('ref_axis',(0.,1.,0.));
#2695=DIRECTION('',(0.,-1.,0.));
#2696=DIRECTION('',(0.,0.,-1.));
#2697=DIRECTION('center_axis',(0.,0.,1.));
#2698=DIRECTION('ref_axis',(0.707106781186547,0.707106781186547,0.));
#2699=DIRECTION('center_axis',(0.,0.,1.));
#2700=DIRECTION('ref_axis',(0.707106781186547,0.707106781186547,0.));
#2701=DIRECTION('',(0.,0.,1.));
#2702=DIRECTION('center_axis',(1.,0.,0.));
#2703=DIRECTION('ref_axis',(0.,-1.,0.));
#2704=DIRECTION('',(0.,0.,1.));
#2705=DIRECTION('',(0.,-1.,0.));
#2706=DIRECTION('',(0.,0.,-1.));
#2707=DIRECTION('center_axis',(-1.,0.,0.));
#2708=DIRECTION('ref_axis',(0.,1.,0.));
#2709=DIRECTION('',(0.,0.,1.));
#2710=DIRECTION('',(0.,1.,0.));
#2711=DIRECTION('',(0.,0.,-1.));
#2712=DIRECTION('center_axis',(0.,0.,-1.));
#2713=DIRECTION('ref_axis',(-1.,0.,0.));
#2714=DIRECTION('',(-1.,0.,0.));
#2715=DIRECTION('',(1.,0.,0.));
#2716=DIRECTION('center_axis',(0.,-1.,0.));
#2717=DIRECTION('ref_axis',(1.,0.,0.));
#2718=DIRECTION('',(0.,0.,1.));
#2719=DIRECTION('',(1.,0.,0.));
#2720=DIRECTION('',(0.,0.,1.));
#2721=DIRECTION('center_axis',(0.,0.,1.));
#2722=DIRECTION('ref_axis',(1.,0.,0.));
#2723=DIRECTION('',(-1.,0.,0.));
#2724=DIRECTION('',(0.,-1.,0.));
#2725=DIRECTION('',(0.,1.,0.));
#2726=DIRECTION('center_axis',(-1.,0.,0.));
#2727=DIRECTION('ref_axis',(0.,-1.,0.));
#2728=DIRECTION('',(0.,0.,1.));
#2729=DIRECTION('center_axis',(0.,0.,1.));
#2730=DIRECTION('ref_axis',(1.,0.,0.));
#2731=DIRECTION('center_axis',(0.,0.,1.));
#2732=DIRECTION('ref_axis',(1.,0.,0.));
#2733=DIRECTION('',(0.,0.,-1.));
#2734=DIRECTION('center_axis',(0.,0.,-1.));
#2735=DIRECTION('ref_axis',(1.,0.,0.));
#2736=DIRECTION('center_axis',(0.,0.,1.));
#2737=DIRECTION('ref_axis',(1.,0.,0.));
#2738=DIRECTION('center_axis',(0.,0.,1.));
#2739=DIRECTION('ref_axis',(1.,0.,0.));
#2740=DIRECTION('',(0.,0.,-1.));
#2741=DIRECTION('center_axis',(0.,0.,-1.));
#2742=DIRECTION('ref_axis',(1.,0.,0.));
#2743=DIRECTION('center_axis',(0.,0.,1.));
#2744=DIRECTION('ref_axis',(1.,0.,0.));
#2745=DIRECTION('center_axis',(0.,0.,1.));
#2746=DIRECTION('ref_axis',(1.,0.,0.));
#2747=DIRECTION('',(0.,0.,-1.));
#2748=DIRECTION('center_axis',(0.,0.,-1.));
#2749=DIRECTION('ref_axis',(1.,0.,0.));
#2750=DIRECTION('center_axis',(0.,0.,1.));
#2751=DIRECTION('ref_axis',(1.,0.,0.));
#2752=DIRECTION('center_axis',(0.,0.,1.));
#2753=DIRECTION('ref_axis',(1.,0.,0.));
#2754=DIRECTION('',(0.,0.,-1.));
#2755=DIRECTION('center_axis',(0.,0.,-1.));
#2756=DIRECTION('ref_axis',(1.,0.,0.));
#2757=DIRECTION('center_axis',(1.,0.,0.));
#2758=DIRECTION('ref_axis',(0.,1.,0.));
#2759=DIRECTION('',(0.,0.,1.));
#2760=DIRECTION('center_axis',(0.,1.,0.));
#2761=DIRECTION('ref_axis',(-1.,0.,0.));
#2762=DIRECTION('center_axis',(0.,1.,0.));
#2763=DIRECTION('ref_axis',(-1.,0.,0.));
#2764=DIRECTION('',(1.,0.,0.));
#2765=DIRECTION('center_axis',(0.,-1.,0.));
#2766=DIRECTION('ref_axis',(1.,0.,0.));
#2767=DIRECTION('',(-1.,0.,0.));
#2768=DIRECTION('center_axis',(0.,0.,1.));
#2769=DIRECTION('ref_axis',(1.,0.,0.));
#2770=DIRECTION('center_axis',(0.,0.,1.));
#2771=DIRECTION('ref_axis',(1.,0.,0.));
#2772=DIRECTION('',(0.,0.,-1.));
#2773=DIRECTION('center_axis',(0.,0.,-1.));
#2774=DIRECTION('ref_axis',(1.,0.,0.));
#2775=DIRECTION('center_axis',(0.,0.,1.));
#2776=DIRECTION('ref_axis',(1.,0.,0.));
#2777=DIRECTION('center_axis',(0.,0.,1.));
#2778=DIRECTION('ref_axis',(1.,0.,0.));
#2779=DIRECTION('',(0.,0.,-1.));
#2780=DIRECTION('center_axis',(0.,0.,-1.));
#2781=DIRECTION('ref_axis',(1.,0.,0.));
#2782=DIRECTION('center_axis',(0.,0.,1.));
#2783=DIRECTION('ref_axis',(1.,0.,0.));
#2784=DIRECTION('center_axis',(0.,0.,1.));
#2785=DIRECTION('ref_axis',(1.,0.,0.));
#2786=DIRECTION('',(0.,0.,-1.));
#2787=DIRECTION('center_axis',(0.,0.,-1.));
#2788=DIRECTION('ref_axis',(1.,0.,0.));
#2789=DIRECTION('center_axis',(0.,0.,1.));
#2790=DIRECTION('ref_axis',(1.,0.,0.));
#2791=DIRECTION('center_axis',(0.,0.,1.));
#2792=DIRECTION('ref_axis',(1.,0.,0.));
#2793=DIRECTION('',(0.,0.,-1.));
#2794=DIRECTION('center_axis',(0.,0.,-1.));
#2795=DIRECTION('ref_axis',(1.,0.,0.));
#2796=DIRECTION('center_axis',(0.,0.,1.));
#2797=DIRECTION('ref_axis',(1.,0.,0.));
#2798=DIRECTION('',(0.,0.,1.));
#2799=DIRECTION('',(1.,0.,0.));
#2800=DIRECTION('center_axis',(0.,0.,1.));
#2801=DIRECTION('ref_axis',(1.,0.,0.));
#2802=CARTESIAN_POINT('',(0.,0.,0.));
#2803=CARTESIAN_POINT('',(0.,0.,0.));
#2804=CARTESIAN_POINT('Origin',(411.808571726961,-17.8000015467405,4.10000003874302));
#2805=CARTESIAN_POINT('',(401.308571726961,-19.0000015646219,6.50000007450581));
#2806=CARTESIAN_POINT('',(401.308571726961,-17.8000015467405,4.10000003874302));
#2807=CARTESIAN_POINT('',(401.308571726961,-11.8904192494483,-7.71916455584156));
#2808=CARTESIAN_POINT('',(411.808571726961,-19.0000015646219,6.50000007450581));
#2809=CARTESIAN_POINT('',(411.808571726961,-19.0000015646219,6.50000007450581));
#2810=CARTESIAN_POINT('',(411.808571726961,-17.8000015467405,4.10000003874302));
#2811=CARTESIAN_POINT('',(411.808571726961,-28.8804192494481,26.2608354441583));
#2812=CARTESIAN_POINT('',(411.808571726961,-17.8000015467405,4.10000003874302));
#2813=CARTESIAN_POINT('Origin',(411.808571726961,-17.8000015467405,4.10000003874302));
#2814=CARTESIAN_POINT('',(-43.991428273039,-19.0000015646219,6.50000007450581));
#2815=CARTESIAN_POINT('',(-43.991428273039,-17.8000015467405,4.10000003874302));
#2816=CARTESIAN_POINT('',(-43.9914282730391,-10.9404192494483,-9.61916455584155));
#2817=CARTESIAN_POINT('',(-34.4914282730391,-19.0000015646219,6.50000007450581));
#2818=CARTESIAN_POINT('',(411.808571726961,-19.0000015646219,6.50000007450581));
#2819=CARTESIAN_POINT('',(-34.4914282730391,-17.8000015467405,4.10000003874302));
#2820=CARTESIAN_POINT('',(-34.4914282730391,-27.8304192494481,24.1608354441583));
#2821=CARTESIAN_POINT('',(411.808571726961,-17.8000015467405,4.10000003874302));
#2822=CARTESIAN_POINT('Origin',(411.808571726961,-7.80000139772893,9.10000011324883));
#2823=CARTESIAN_POINT('',(401.308571726961,-7.80000139772893,9.10000011324883));
#2824=CARTESIAN_POINT('',(401.308571726961,6.73832767819146,16.369164651209));
#2825=CARTESIAN_POINT('',(411.808571726961,-7.80000139772893,9.10000011324883));
#2826=CARTESIAN_POINT('',(411.808571726961,-61.2216723218085,-17.610835348791));
#2827=CARTESIAN_POINT('',(411.808571726961,-7.80000139772893,9.10000011324883));
#2828=CARTESIAN_POINT('Origin',(411.808571726961,-7.80000139772893,9.10000011324883));
#2829=CARTESIAN_POINT('',(-43.991428273039,-7.80000139772893,9.10000011324883));
#2830=CARTESIAN_POINT('',(-43.9914282730391,10.5383276781915,18.269164651209));
#2831=CARTESIAN_POINT('',(-34.4914282730391,-7.80000139772893,9.10000011324883));
#2832=CARTESIAN_POINT('',(-34.4914282730391,-57.0216723218085,-15.510835348791));
#2833=CARTESIAN_POINT('',(411.808571726961,-7.80000139772893,9.10000011324883));
#2834=CARTESIAN_POINT('Origin',(411.808571726961,-19.0000015646219,6.50000007450581));
#2835=CARTESIAN_POINT('',(401.308571726961,-9.00000141561031,11.5000001490116));
#2836=CARTESIAN_POINT('',(401.308571726961,0.538327585804266,16.2691646497189));
#2837=CARTESIAN_POINT('',(411.808571726961,-9.00000141561031,11.5000001490116));
#2838=CARTESIAN_POINT('',(411.808571726961,-9.00000141561031,11.5000001490116));
#2839=CARTESIAN_POINT('',(411.808571726961,-67.4216724141957,-17.7108353502811));
#2840=CARTESIAN_POINT('Origin',(411.808571726961,-9.00000141561031,11.5000001490116));
#2841=CARTESIAN_POINT('',(401.308571726961,-2.49041910937736,-1.51916446345437));
#2842=CARTESIAN_POINT('',(411.808571726961,-19.4804191093772,32.4608355365455));
#2843=CARTESIAN_POINT('Origin',(411.808571726961,-9.00000141561031,11.5000001490116));
#2844=CARTESIAN_POINT('',(-43.991428273039,-9.00000141561031,11.5000001490116));
#2845=CARTESIAN_POINT('',(-43.9914282730391,-1.54041910937737,-3.41916446345437));
#2846=CARTESIAN_POINT('',(-34.4914282730391,-9.00000141561031,11.5000001490116));
#2847=CARTESIAN_POINT('',(-34.4914282730391,-18.4304191093772,30.3608355365455));
#2848=CARTESIAN_POINT('',(411.808571726961,-9.00000141561031,11.5000001490116));
#2849=CARTESIAN_POINT('Origin',(411.808571726961,-19.0000015646219,6.50000007450581));
#2850=CARTESIAN_POINT('',(-43.9914282730391,4.33832758580427,18.1691646497189));
#2851=CARTESIAN_POINT('',(-34.4914282730391,-63.2216724141957,-15.6108353502811));
#2852=CARTESIAN_POINT('Origin',(411.808571726961,-86.8000015467405,4.10000003874302));
#2853=CARTESIAN_POINT('',(401.308571726961,-88.0000015646219,6.50000007450581));
#2854=CARTESIAN_POINT('',(401.308571726961,-86.8000015467405,4.10000003874302));
#2855=CARTESIAN_POINT('',(401.308571726961,-73.9904192494484,-21.5191645558415));
#2856=CARTESIAN_POINT('',(411.808571726961,-88.0000015646219,6.50000007450581));
#2857=CARTESIAN_POINT('',(411.808571726961,-88.0000015646219,6.50000007450581));
#2858=CARTESIAN_POINT('',(411.808571726961,-86.8000015467405,4.10000003874302));
#2859=CARTESIAN_POINT('',(411.808571726961,-90.9804192494482,12.4608354441584));
#2860=CARTESIAN_POINT('',(411.808571726961,-86.8000015467405,4.10000003874302));
#2861=CARTESIAN_POINT('Origin',(411.808571726961,-86.8000015467405,4.10000003874302));
#2862=CARTESIAN_POINT('',(-43.991428273039,-88.0000015646219,6.50000007450581));
#2863=CARTESIAN_POINT('',(-43.991428273039,-86.8000015467405,4.10000003874302));
#2864=CARTESIAN_POINT('',(-43.9914282730391,-73.0404192494484,-23.4191645558415));
#2865=CARTESIAN_POINT('',(-34.4914282730391,-88.0000015646219,6.50000007450581));
#2866=CARTESIAN_POINT('',(411.808571726961,-88.0000015646219,6.50000007450581));
#2867=CARTESIAN_POINT('',(-34.4914282730391,-86.8000015467405,4.10000003874302));
#2868=CARTESIAN_POINT('',(-34.4914282730391,-89.9304192494482,10.3608354441584));
#2869=CARTESIAN_POINT('',(411.808571726961,-86.8000015467405,4.10000003874302));
#2870=CARTESIAN_POINT('Origin',(411.808571726961,-76.8000013977289,9.10000011324883));
#2871=CARTESIAN_POINT('',(401.308571726961,-76.8000013977289,9.10000011324883));
#2872=CARTESIAN_POINT('',(401.308571726961,-34.6616723218085,30.169164651209));
#2873=CARTESIAN_POINT('',(411.808571726961,-76.8000013977289,9.10000011324883));
#2874=CARTESIAN_POINT('',(411.808571726961,-102.621672321809,-3.81083534879098));
#2875=CARTESIAN_POINT('',(411.808571726961,-76.8000013977289,9.10000011324883));
#2876=CARTESIAN_POINT('Origin',(411.808571726961,-76.8000013977289,9.10000011324883));
#2877=CARTESIAN_POINT('',(-43.991428273039,-76.8000013977289,9.10000011324883));
#2878=CARTESIAN_POINT('',(-43.9914282730391,-30.8616723218085,32.069164651209));
#2879=CARTESIAN_POINT('',(-34.4914282730391,-76.8000013977289,9.10000011324883));
#2880=CARTESIAN_POINT('',(-34.4914282730392,-98.4216723218085,-1.71083534879098));
#2881=CARTESIAN_POINT('',(411.808571726961,-76.8000013977289,9.10000011324883));
#2882=CARTESIAN_POINT('Origin',(411.808571726961,-88.0000015646219,6.50000007450581));
#2883=CARTESIAN_POINT('',(401.308571726961,-78.0000014156103,11.5000001490116));
#2884=CARTESIAN_POINT('',(401.308571726961,-40.8616724141957,30.0691646497189));
#2885=CARTESIAN_POINT('',(411.808571726961,-78.0000014156103,11.5000001490116));
#2886=CARTESIAN_POINT('',(411.808571726961,-78.0000014156103,11.5000001490116));
#2887=CARTESIAN_POINT('',(411.808571726961,-108.821672414196,-3.91083535028109));
#2888=CARTESIAN_POINT('Origin',(411.808571726961,-78.0000014156103,11.5000001490116));
#2889=CARTESIAN_POINT('',(401.308571726961,-64.5904191093774,-15.3191644634543));
#2890=CARTESIAN_POINT('',(411.808571726961,-81.5804191093773,18.6608355365456));
#2891=CARTESIAN_POINT('Origin',(411.808571726961,-78.0000014156103,11.5000001490116));
#2892=CARTESIAN_POINT('',(-43.991428273039,-78.0000014156103,11.5000001490116));
#2893=CARTESIAN_POINT('',(-43.9914282730391,-63.6404191093774,-17.2191644634543));
#2894=CARTESIAN_POINT('',(-34.4914282730391,-78.0000014156103,11.5000001490116));
#2895=CARTESIAN_POINT('',(-34.4914282730391,-80.5304191093773,16.5608355365456));
#2896=CARTESIAN_POINT('',(411.808571726961,-78.0000014156103,11.5000001490116));
#2897=CARTESIAN_POINT('Origin',(411.808571726961,-88.0000015646219,6.50000007450581));
#2898=CARTESIAN_POINT('',(-43.9914282730391,-37.0616724141957,31.9691646497189));
#2899=CARTESIAN_POINT('',(-34.4914282730391,-104.621672414196,-1.81083535028109));
#2900=CARTESIAN_POINT('Origin',(411.808571726961,-103.800001546741,4.10000003874302));
#2901=CARTESIAN_POINT('',(401.308571726961,-105.000001564622,6.50000007450581));
#2902=CARTESIAN_POINT('',(401.308571726961,-103.800001546741,4.10000003874302));
#2903=CARTESIAN_POINT('',(401.308571726961,-89.2904192494484,-24.9191645558415));
#2904=CARTESIAN_POINT('',(411.808571726961,-105.000001564622,6.50000007450581));
#2905=CARTESIAN_POINT('',(411.808571726961,-105.000001564622,6.50000007450581));
#2906=CARTESIAN_POINT('',(411.808571726961,-103.800001546741,4.10000003874302));
#2907=CARTESIAN_POINT('',(411.808571726961,-106.280419249448,9.06083544415839));
#2908=CARTESIAN_POINT('',(411.808571726961,-103.800001546741,4.10000003874302));
#2909=CARTESIAN_POINT('Origin',(411.808571726961,-103.800001546741,4.10000003874302));
#2910=CARTESIAN_POINT('',(-43.991428273039,-105.000001564622,6.50000007450581));
#2911=CARTESIAN_POINT('',(-43.991428273039,-103.800001546741,4.10000003874302));
#2912=CARTESIAN_POINT('',(-43.9914282730391,-88.3404192494484,-26.8191645558415));
#2913=CARTESIAN_POINT('',(-34.4914282730391,-105.000001564622,6.50000007450581));
#2914=CARTESIAN_POINT('',(411.808571726961,-105.000001564622,6.50000007450581));
#2915=CARTESIAN_POINT('',(-34.4914282730391,-103.800001546741,4.10000003874302));
#2916=CARTESIAN_POINT('',(-34.4914282730391,-105.230419249448,6.9608354441584));
#2917=CARTESIAN_POINT('',(411.808571726961,-103.800001546741,4.10000003874302));
#2918=CARTESIAN_POINT('Origin',(411.808571726961,-93.8000013977289,9.10000011324883));
#2919=CARTESIAN_POINT('',(401.308571726961,-93.8000013977289,9.10000011324883));
#2920=CARTESIAN_POINT('',(401.308571726961,-44.8616723218085,33.569164651209));
#2921=CARTESIAN_POINT('',(411.808571726961,-93.8000013977289,9.10000011324883));
#2922=CARTESIAN_POINT('',(411.808571726961,-112.821672321809,-0.410835348790983));
#2923=CARTESIAN_POINT('',(411.808571726961,-93.8000013977289,9.10000011324883));
#2924=CARTESIAN_POINT('Origin',(411.808571726961,-93.8000013977289,9.10000011324883));
#2925=CARTESIAN_POINT('',(-43.991428273039,-93.8000013977289,9.10000011324883));
#2926=CARTESIAN_POINT('',(-43.9914282730391,-41.0616723218085,35.469164651209));
#2927=CARTESIAN_POINT('',(-34.4914282730391,-93.8000013977289,9.10000011324883));
#2928=CARTESIAN_POINT('',(-34.4914282730391,-108.621672321809,1.68916465120902));
#2929=CARTESIAN_POINT('',(411.808571726961,-93.8000013977289,9.10000011324883));
#2930=CARTESIAN_POINT('Origin',(411.808571726961,-105.000001564622,6.50000007450581));
#2931=CARTESIAN_POINT('',(401.308571726961,-95.0000014156103,11.5000001490116));
#2932=CARTESIAN_POINT('',(401.308571726961,-51.0616724141957,33.4691646497189));
#2933=CARTESIAN_POINT('',(411.808571726961,-95.0000014156103,11.5000001490116));
#2934=CARTESIAN_POINT('',(411.808571726961,-95.0000014156103,11.5000001490116));
#2935=CARTESIAN_POINT('',(411.808571726961,-119.021672414196,-0.510835350281099));
#2936=CARTESIAN_POINT('Origin',(411.808571726961,-95.0000014156103,11.5000001490116));
#2937=CARTESIAN_POINT('',(401.308571726961,-79.8904191093774,-18.7191644634543));
#2938=CARTESIAN_POINT('',(411.808571726961,-96.8804191093773,15.2608355365456));
#2939=CARTESIAN_POINT('Origin',(411.808571726961,-95.0000014156103,11.5000001490116));
#2940=CARTESIAN_POINT('',(-43.991428273039,-95.0000014156103,11.5000001490116));
#2941=CARTESIAN_POINT('',(-43.9914282730391,-78.9404191093775,-20.6191644634543));
#2942=CARTESIAN_POINT('',(-34.4914282730391,-95.0000014156103,11.5000001490116));
#2943=CARTESIAN_POINT('',(-34.4914282730391,-95.8304191093773,13.1608355365456));
#2944=CARTESIAN_POINT('',(411.808571726961,-95.0000014156103,11.5000001490116));
#2945=CARTESIAN_POINT('Origin',(411.808571726961,-105.000001564622,6.50000007450581));
#2946=CARTESIAN_POINT('',(-43.9914282730391,-47.2616724141957,35.3691646497189));
#2947=CARTESIAN_POINT('',(-34.4914282730391,-114.821672414196,1.5891646497189));
#2948=CARTESIAN_POINT('Origin',(411.808571726961,-35.8000015467405,4.10000003874302));
#2949=CARTESIAN_POINT('',(401.308571726961,-37.0000015646219,6.50000007450581));
#2950=CARTESIAN_POINT('',(401.308571726961,-35.8000015467405,4.10000003874302));
#2951=CARTESIAN_POINT('',(401.308571726961,-28.0904192494483,-11.3191645558415));
#2952=CARTESIAN_POINT('',(411.808571726961,-37.0000015646219,6.50000007450581));
#2953=CARTESIAN_POINT('',(411.808571726961,-37.0000015646219,6.50000007450581));
#2954=CARTESIAN_POINT('',(411.808571726961,-35.8000015467405,4.10000003874302));
#2955=CARTESIAN_POINT('',(411.808571726961,-45.0804192494481,22.6608354441583));
#2956=CARTESIAN_POINT('',(411.808571726961,-35.8000015467405,4.10000003874302));
#2957=CARTESIAN_POINT('Origin',(411.808571726961,-35.8000015467405,4.10000003874302));
#2958=CARTESIAN_POINT('',(-43.991428273039,-37.0000015646219,6.50000007450581));
#2959=CARTESIAN_POINT('',(-43.991428273039,-35.8000015467405,4.10000003874302));
#2960=CARTESIAN_POINT('',(-43.9914282730391,-27.1404192494483,-13.2191645558415));
#2961=CARTESIAN_POINT('',(-34.4914282730391,-37.0000015646219,6.50000007450581));
#2962=CARTESIAN_POINT('',(411.808571726961,-37.0000015646219,6.50000007450581));
#2963=CARTESIAN_POINT('',(-34.4914282730391,-35.8000015467405,4.10000003874302));
#2964=CARTESIAN_POINT('',(-34.4914282730391,-44.0304192494482,20.5608354441584));
#2965=CARTESIAN_POINT('',(411.808571726961,-35.8000015467405,4.10000003874302));
#2966=CARTESIAN_POINT('Origin',(411.808571726961,-25.8000013977289,9.10000011324883));
#2967=CARTESIAN_POINT('',(401.308571726961,-25.8000013977289,9.10000011324883));
#2968=CARTESIAN_POINT('',(401.308571726961,-4.06167232180854,19.969164651209));
#2969=CARTESIAN_POINT('',(411.808571726961,-25.8000013977289,9.10000011324883));
#2970=CARTESIAN_POINT('',(411.808571726961,-72.0216723218085,-14.010835348791));
#2971=CARTESIAN_POINT('',(411.808571726961,-25.8000013977289,9.10000011324883));
#2972=CARTESIAN_POINT('Origin',(411.808571726961,-25.8000013977289,9.10000011324883));
#2973=CARTESIAN_POINT('',(-43.991428273039,-25.8000013977289,9.10000011324883));
#2974=CARTESIAN_POINT('',(-43.9914282730391,-0.261672321808536,21.869164651209));
#2975=CARTESIAN_POINT('',(-34.4914282730391,-25.8000013977289,9.10000011324883));
#2976=CARTESIAN_POINT('',(-34.4914282730391,-67.8216723218085,-11.910835348791));
#2977=CARTESIAN_POINT('',(411.808571726961,-25.8000013977289,9.10000011324883));
#2978=CARTESIAN_POINT('Origin',(411.808571726961,-37.0000015646219,6.50000007450581));
#2979=CARTESIAN_POINT('',(401.308571726961,-27.0000014156103,11.5000001490116));
#2980=CARTESIAN_POINT('',(401.308571726961,-10.2616724141957,19.8691646497189));
#2981=CARTESIAN_POINT('',(411.808571726961,-27.0000014156103,11.5000001490116));
#2982=CARTESIAN_POINT('',(411.808571726961,-27.0000014156103,11.5000001490116));
#2983=CARTESIAN_POINT('',(411.808571726961,-78.2216724141957,-14.1108353502811));
#2984=CARTESIAN_POINT('Origin',(411.808571726961,-27.0000014156103,11.5000001490116));
#2985=CARTESIAN_POINT('',(401.308571726961,-18.6904191093774,-5.11916446345436));
#2986=CARTESIAN_POINT('',(411.808571726961,-35.6804191093772,28.8608355365455));
#2987=CARTESIAN_POINT('Origin',(411.808571726961,-27.0000014156103,11.5000001490116));
#2988=CARTESIAN_POINT('',(-43.991428273039,-27.0000014156103,11.5000001490116));
#2989=CARTESIAN_POINT('',(-43.9914282730391,-17.7404191093774,-7.01916446345435));
#2990=CARTESIAN_POINT('',(-34.4914282730391,-27.0000014156103,11.5000001490116));
#2991=CARTESIAN_POINT('',(-34.4914282730391,-34.6304191093772,26.7608355365455));
#2992=CARTESIAN_POINT('',(411.808571726961,-27.0000014156103,11.5000001490116));
#2993=CARTESIAN_POINT('Origin',(411.808571726961,-37.0000015646219,6.50000007450581));
#2994=CARTESIAN_POINT('',(-43.9914282730391,-6.46167241419573,21.7691646497189));
#2995=CARTESIAN_POINT('',(-34.4914282730391,-74.0216724141957,-12.0108353502811));
#2996=CARTESIAN_POINT('Origin',(411.808571726961,0.199998453259465,4.10000003874302));
#2997=CARTESIAN_POINT('',(401.308571726961,-1.00000156462192,6.50000007450581));
#2998=CARTESIAN_POINT('',(401.308571726961,0.199998453259465,4.10000003874302));
#2999=CARTESIAN_POINT('',(401.308571726961,4.30958075055173,-4.11916455584157));
#3000=CARTESIAN_POINT('',(411.808571726961,-1.00000156462192,6.50000007450581));
#3001=CARTESIAN_POINT('',(411.808571726961,-1.00000156462192,6.50000007450581));
#3002=CARTESIAN_POINT('',(411.808571726961,0.199998453259465,4.10000003874302));
#3003=CARTESIAN_POINT('',(411.808571726961,-12.6804192494481,29.8608354441583));
#3004=CARTESIAN_POINT('',(411.808571726961,0.199998453259465,4.10000003874302));
#3005=CARTESIAN_POINT('Origin',(411.808571726961,0.199998453259465,4.10000003874302));
#3006=CARTESIAN_POINT('',(-43.991428273039,-1.00000156462192,6.50000007450581));
#3007=CARTESIAN_POINT('',(-43.991428273039,0.199998453259465,4.10000003874302));
#3008=CARTESIAN_POINT('',(-43.9914282730391,5.25958075055172,-6.01916455584156));
#3009=CARTESIAN_POINT('',(-34.4914282730391,-1.00000156462192,6.50000007450581));
#3010=CARTESIAN_POINT('',(411.808571726961,-1.00000156462192,6.50000007450581));
#3011=CARTESIAN_POINT('',(-34.4914282730391,0.199998453259465,4.10000003874302));
#3012=CARTESIAN_POINT('',(-34.4914282730391,-11.6304192494481,27.7608354441583));
#3013=CARTESIAN_POINT('',(411.808571726961,0.199998453259465,4.10000003874302));
#3014=CARTESIAN_POINT('Origin',(411.808571726961,10.1999986022711,9.10000011324883));
#3015=CARTESIAN_POINT('',(401.308571726961,10.1999986022711,9.10000011324883));
#3016=CARTESIAN_POINT('',(401.308571726961,17.5383276781915,12.769164651209));
#3017=CARTESIAN_POINT('',(411.808571726961,10.1999986022711,9.10000011324883));
#3018=CARTESIAN_POINT('',(411.808571726961,-50.4216723218085,-21.210835348791));
#3019=CARTESIAN_POINT('',(411.808571726961,10.1999986022711,9.10000011324883));
#3020=CARTESIAN_POINT('Origin',(411.808571726961,10.1999986022711,9.10000011324883));
#3021=CARTESIAN_POINT('',(-43.991428273039,10.1999986022711,9.10000011324883));
#3022=CARTESIAN_POINT('',(-43.9914282730391,21.3383276781915,14.669164651209));
#3023=CARTESIAN_POINT('',(-34.4914282730391,10.1999986022711,9.10000011324883));
#3024=CARTESIAN_POINT('',(-34.4914282730391,-46.2216723218085,-19.110835348791));
#3025=CARTESIAN_POINT('',(411.808571726961,10.1999986022711,9.10000011324883));
#3026=CARTESIAN_POINT('Origin',(411.808571726961,-1.00000156462192,6.50000007450581));
#3027=CARTESIAN_POINT('',(401.308571726961,8.99999858438969,11.5000001490116));
#3028=CARTESIAN_POINT('',(401.308571726961,11.3383275858043,12.6691646497189));
#3029=CARTESIAN_POINT('',(411.808571726961,8.99999858438969,11.5000001490116));
#3030=CARTESIAN_POINT('',(411.808571726961,8.99999858438969,11.5000001490116));
#3031=CARTESIAN_POINT('',(411.808571726961,-56.6216724141957,-21.3108353502811));
#3032=CARTESIAN_POINT('Origin',(411.808571726961,8.99999858438969,11.5000001490116));
#3033=CARTESIAN_POINT('',(401.308571726961,13.7095808906227,2.08083553654562));
#3034=CARTESIAN_POINT('',(411.808571726961,-3.28041910937717,36.0608355365455));
#3035=CARTESIAN_POINT('Origin',(411.808571726961,8.99999858438969,11.5000001490116));
#3036=CARTESIAN_POINT('',(-43.991428273039,8.99999858438969,11.5000001490116));
#3037=CARTESIAN_POINT('',(-43.9914282730391,14.6595808906226,0.180835536545623));
#3038=CARTESIAN_POINT('',(-34.4914282730391,8.99999858438969,11.5000001490116));
#3039=CARTESIAN_POINT('',(-34.4914282730391,-2.23041910937719,33.9608355365455));
#3040=CARTESIAN_POINT('',(411.808571726961,8.99999858438969,11.5000001490116));
#3041=CARTESIAN_POINT('Origin',(411.808571726961,-1.00000156462192,6.50000007450581));
#3042=CARTESIAN_POINT('',(-43.9914282730391,15.1383275858043,14.5691646497189));
#3043=CARTESIAN_POINT('',(-34.4914282730391,-52.4216724141957,-19.2108353502811));
#3044=CARTESIAN_POINT('Origin',(411.808571726961,-69.8000015467405,4.10000003874302));
#3045=CARTESIAN_POINT('',(401.308571726961,-71.0000015646219,6.50000007450581));
#3046=CARTESIAN_POINT('',(401.308571726961,-69.8000015467405,4.10000003874302));
#3047=CARTESIAN_POINT('',(401.308571726961,-58.6904192494483,-18.1191645558415));
#3048=CARTESIAN_POINT('',(411.808571726961,-71.0000015646219,6.50000007450581));
#3049=CARTESIAN_POINT('',(411.808571726961,-71.0000015646219,6.50000007450581));
#3050=CARTESIAN_POINT('',(411.808571726961,-69.8000015467405,4.10000003874302));
#3051=CARTESIAN_POINT('',(411.808571726961,-75.6804192494482,15.8608354441584));
#3052=CARTESIAN_POINT('',(411.808571726961,-69.8000015467405,4.10000003874302));
#3053=CARTESIAN_POINT('Origin',(411.808571726961,-69.8000015467405,4.10000003874302));
#3054=CARTESIAN_POINT('',(-43.991428273039,-71.0000015646219,6.50000007450581));
#3055=CARTESIAN_POINT('',(-43.991428273039,-69.8000015467405,4.10000003874302));
#3056=CARTESIAN_POINT('',(-43.9914282730391,-57.7404192494483,-20.0191645558415));
#3057=CARTESIAN_POINT('',(-34.4914282730391,-71.0000015646219,6.50000007450581));
#3058=CARTESIAN_POINT('',(411.808571726961,-71.0000015646219,6.50000007450581));
#3059=CARTESIAN_POINT('',(-34.4914282730391,-69.8000015467405,4.10000003874302));
#3060=CARTESIAN_POINT('',(-34.4914282730391,-74.6304192494482,13.7608354441584));
#3061=CARTESIAN_POINT('',(411.808571726961,-69.8000015467405,4.10000003874302));
#3062=CARTESIAN_POINT('Origin',(411.808571726961,-59.8000013977289,9.10000011324883));
#3063=CARTESIAN_POINT('',(401.308571726961,-59.8000013977289,9.10000011324883));
#3064=CARTESIAN_POINT('',(401.308571726961,-24.4616723218085,26.769164651209));
#3065=CARTESIAN_POINT('',(411.808571726961,-59.8000013977289,9.10000011324883));
#3066=CARTESIAN_POINT('',(411.808571726961,-92.4216723218085,-7.21083534879098));
#3067=CARTESIAN_POINT('',(411.808571726961,-59.8000013977289,9.10000011324883));
#3068=CARTESIAN_POINT('Origin',(411.808571726961,-59.8000013977289,9.10000011324883));
#3069=CARTESIAN_POINT('',(-43.991428273039,-59.8000013977289,9.10000011324883));
#3070=CARTESIAN_POINT('',(-43.9914282730391,-20.6616723218085,28.669164651209));
#3071=CARTESIAN_POINT('',(-34.4914282730391,-59.8000013977289,9.10000011324883));
#3072=CARTESIAN_POINT('',(-34.4914282730391,-88.2216723218085,-5.11083534879099));
#3073=CARTESIAN_POINT('',(411.808571726961,-59.8000013977289,9.10000011324883));
#3074=CARTESIAN_POINT('Origin',(411.808571726961,-71.0000015646219,6.50000007450581));
#3075=CARTESIAN_POINT('',(401.308571726961,-61.0000014156103,11.5000001490116));
#3076=CARTESIAN_POINT('',(401.308571726961,-30.6616724141957,26.6691646497189));
#3077=CARTESIAN_POINT('',(411.808571726961,-61.0000014156103,11.5000001490116));
#3078=CARTESIAN_POINT('',(411.808571726961,-61.0000014156103,11.5000001490116));
#3079=CARTESIAN_POINT('',(411.808571726961,-98.6216724141957,-7.3108353502811));
#3080=CARTESIAN_POINT('Origin',(411.808571726961,-61.0000014156103,11.5000001490116));
#3081=CARTESIAN_POINT('',(401.308571726961,-49.2904191093774,-11.9191644634543));
#3082=CARTESIAN_POINT('',(411.808571726961,-66.2804191093772,22.0608355365456));
#3083=CARTESIAN_POINT('Origin',(411.808571726961,-61.0000014156103,11.5000001490116));
#3084=CARTESIAN_POINT('',(-43.991428273039,-61.0000014156103,11.5000001490116));
#3085=CARTESIAN_POINT('',(-43.9914282730391,-48.3404191093774,-13.8191644634543));
#3086=CARTESIAN_POINT('',(-34.4914282730391,-61.0000014156103,11.5000001490116));
#3087=CARTESIAN_POINT('',(-34.4914282730391,-65.2304191093773,19.9608355365456));
#3088=CARTESIAN_POINT('',(411.808571726961,-61.0000014156103,11.5000001490116));
#3089=CARTESIAN_POINT('Origin',(411.808571726961,-71.0000015646219,6.50000007450581));
#3090=CARTESIAN_POINT('',(-43.9914282730391,-26.8616724141957,28.5691646497189));
#3091=CARTESIAN_POINT('',(-34.4914282730391,-94.4216724141957,-5.2108353502811));
#3092=CARTESIAN_POINT('Origin',(411.808571726961,-122.800001546741,4.10000003874302));
#3093=CARTESIAN_POINT('',(401.308571726961,-124.000001564622,6.50000007450581));
#3094=CARTESIAN_POINT('',(401.308571726961,-122.800001546741,4.10000003874302));
#3095=CARTESIAN_POINT('',(401.308571726961,-106.390419249448,-28.7191645558415));
#3096=CARTESIAN_POINT('',(411.808571726961,-124.000001564622,6.50000007450581));
#3097=CARTESIAN_POINT('',(411.808571726961,-124.000001564622,6.50000007450581));
#3098=CARTESIAN_POINT('',(411.808571726961,-122.800001546741,4.10000003874302));
#3099=CARTESIAN_POINT('',(411.808571726961,-123.380419249448,5.2608354441584));
#3100=CARTESIAN_POINT('',(411.808571726961,-122.800001546741,4.10000003874302));
#3101=CARTESIAN_POINT('Origin',(411.808571726961,-122.800001546741,4.10000003874302));
#3102=CARTESIAN_POINT('',(-43.991428273039,-124.000001564622,6.50000007450581));
#3103=CARTESIAN_POINT('',(-43.991428273039,-122.800001546741,4.10000003874302));
#3104=CARTESIAN_POINT('',(-43.9914282730391,-105.440419249448,-30.6191645558415));
#3105=CARTESIAN_POINT('',(-34.4914282730391,-124.000001564622,6.50000007450581));
#3106=CARTESIAN_POINT('',(411.808571726961,-124.000001564622,6.50000007450581));
#3107=CARTESIAN_POINT('',(-34.4914282730391,-122.800001546741,4.10000003874302));
#3108=CARTESIAN_POINT('',(-34.4914282730391,-122.330419249448,3.16083544415841));
#3109=CARTESIAN_POINT('',(411.808571726961,-122.800001546741,4.10000003874302));
#3110=CARTESIAN_POINT('Origin',(411.808571726961,-112.800001397729,9.10000011324883));
#3111=CARTESIAN_POINT('',(401.308571726961,-112.800001397729,9.10000011324883));
#3112=CARTESIAN_POINT('',(401.308571726961,-56.2616723218085,37.369164651209));
#3113=CARTESIAN_POINT('',(411.808571726961,-112.800001397729,9.10000011324883));
#3114=CARTESIAN_POINT('',(411.808571726961,-124.221672321809,3.38916465120902));
#3115=CARTESIAN_POINT('',(411.808571726961,-112.800001397729,9.10000011324883));
#3116=CARTESIAN_POINT('Origin',(411.808571726961,-112.800001397729,9.10000011324883));
#3117=CARTESIAN_POINT('',(-43.991428273039,-112.800001397729,9.10000011324883));
#3118=CARTESIAN_POINT('',(-43.9914282730391,-52.4616723218085,39.269164651209));
#3119=CARTESIAN_POINT('',(-34.4914282730391,-112.800001397729,9.10000011324883));
#3120=CARTESIAN_POINT('',(-34.4914282730391,-120.021672321809,5.48916465120902));
#3121=CARTESIAN_POINT('',(411.808571726961,-112.800001397729,9.10000011324883));
#3122=CARTESIAN_POINT('Origin',(411.808571726961,-124.000001564622,6.50000007450581));
#3123=CARTESIAN_POINT('',(401.308571726961,-114.00000141561,11.5000001490116));
#3124=CARTESIAN_POINT('',(401.308571726961,-62.4616724141957,37.2691646497189));
#3125=CARTESIAN_POINT('',(411.808571726961,-114.00000141561,11.5000001490116));
#3126=CARTESIAN_POINT('',(411.808571726961,-114.00000141561,11.5000001490116));
#3127=CARTESIAN_POINT('',(411.808571726961,-130.421672414196,3.2891646497189));
#3128=CARTESIAN_POINT('Origin',(411.808571726961,-114.00000141561,11.5000001490116));
#3129=CARTESIAN_POINT('',(401.308571726961,-96.9904191093775,-22.5191644634543));
#3130=CARTESIAN_POINT('',(411.808571726961,-113.980419109377,11.4608355365456));
#3131=CARTESIAN_POINT('Origin',(411.808571726961,-114.00000141561,11.5000001490116));
#3132=CARTESIAN_POINT('',(-43.991428273039,-114.00000141561,11.5000001490116));
#3133=CARTESIAN_POINT('',(-43.9914282730391,-96.0404191093775,-24.4191644634543));
#3134=CARTESIAN_POINT('',(-34.4914282730391,-114.00000141561,11.5000001490116));
#3135=CARTESIAN_POINT('',(-34.4914282730391,-112.930419109377,9.3608355365456));
#3136=CARTESIAN_POINT('',(411.808571726961,-114.00000141561,11.5000001490116));
#3137=CARTESIAN_POINT('Origin',(411.808571726961,-124.000001564622,6.50000007450581));
#3138=CARTESIAN_POINT('',(-43.9914282730391,-58.6616724141957,39.1691646497189));
#3139=CARTESIAN_POINT('',(-34.4914282730391,-126.221672414196,5.3891646497189));
#3140=CARTESIAN_POINT('Origin',(411.808571726961,-52.8000015467405,4.10000003874302));
#3141=CARTESIAN_POINT('',(401.308571726961,-54.0000015646219,6.50000007450581));
#3142=CARTESIAN_POINT('',(401.308571726961,-52.8000015467405,4.10000003874302));
#3143=CARTESIAN_POINT('',(401.308571726961,-43.3904192494483,-14.7191645558415));
#3144=CARTESIAN_POINT('',(411.808571726961,-54.0000015646219,6.50000007450581));
#3145=CARTESIAN_POINT('',(411.808571726961,-54.0000015646219,6.50000007450581));
#3146=CARTESIAN_POINT('',(411.808571726961,-52.8000015467405,4.10000003874302));
#3147=CARTESIAN_POINT('',(411.808571726961,-60.3804192494481,19.2608354441584));
#3148=CARTESIAN_POINT('',(411.808571726961,-52.8000015467405,4.10000003874302));
#3149=CARTESIAN_POINT('Origin',(411.808571726961,-52.8000015467405,4.10000003874302));
#3150=CARTESIAN_POINT('',(-43.991428273039,-54.0000015646219,6.50000007450581));
#3151=CARTESIAN_POINT('',(-43.991428273039,-52.8000015467405,4.10000003874302));
#3152=CARTESIAN_POINT('',(-43.9914282730391,-42.4404192494483,-16.6191645558415));
#3153=CARTESIAN_POINT('',(-34.4914282730391,-54.0000015646219,6.50000007450581));
#3154=CARTESIAN_POINT('',(411.808571726961,-54.0000015646219,6.50000007450581));
#3155=CARTESIAN_POINT('',(-34.4914282730391,-52.8000015467405,4.10000003874302));
#3156=CARTESIAN_POINT('',(-34.4914282730391,-59.3304192494482,17.1608354441584));
#3157=CARTESIAN_POINT('',(411.808571726961,-52.8000015467405,4.10000003874302));
#3158=CARTESIAN_POINT('Origin',(411.808571726961,-42.8000013977289,9.10000011324883));
#3159=CARTESIAN_POINT('',(401.308571726961,-42.8000013977289,9.10000011324883));
#3160=CARTESIAN_POINT('',(401.308571726961,-14.2616723218085,23.369164651209));
#3161=CARTESIAN_POINT('',(411.808571726961,-42.8000013977289,9.10000011324883));
#3162=CARTESIAN_POINT('',(411.808571726961,-82.2216723218085,-10.610835348791));
#3163=CARTESIAN_POINT('',(411.808571726961,-42.8000013977289,9.10000011324883));
#3164=CARTESIAN_POINT('Origin',(411.808571726961,-42.8000013977289,9.10000011324883));
#3165=CARTESIAN_POINT('',(-43.991428273039,-42.8000013977289,9.10000011324883));
#3166=CARTESIAN_POINT('',(-43.9914282730391,-10.4616723218085,25.269164651209));
#3167=CARTESIAN_POINT('',(-34.4914282730391,-42.8000013977289,9.10000011324883));
#3168=CARTESIAN_POINT('',(-34.4914282730391,-78.0216723218086,-8.51083534879099));
#3169=CARTESIAN_POINT('',(411.808571726961,-42.8000013977289,9.10000011324883));
#3170=CARTESIAN_POINT('Origin',(411.808571726961,-54.0000015646219,6.50000007450581));
#3171=CARTESIAN_POINT('',(401.308571726961,-44.0000014156103,11.5000001490116));
#3172=CARTESIAN_POINT('',(401.308571726961,-20.4616724141957,23.2691646497189));
#3173=CARTESIAN_POINT('',(411.808571726961,-44.0000014156103,11.5000001490116));
#3174=CARTESIAN_POINT('',(411.808571726961,-44.0000014156103,11.5000001490116));
#3175=CARTESIAN_POINT('',(411.808571726961,-88.4216724141957,-10.7108353502811));
#3176=CARTESIAN_POINT('Origin',(411.808571726961,-44.0000014156103,11.5000001490116));
#3177=CARTESIAN_POINT('',(401.308571726961,-33.9904191093774,-8.51916446345435));
#3178=CARTESIAN_POINT('',(411.808571726961,-50.9804191093772,25.4608355365455));
#3179=CARTESIAN_POINT('Origin',(411.808571726961,-44.0000014156103,11.5000001490116));
#3180=CARTESIAN_POINT('',(-43.991428273039,-44.0000014156103,11.5000001490116));
#3181=CARTESIAN_POINT('',(-43.9914282730391,-33.0404191093774,-10.4191644634543));
#3182=CARTESIAN_POINT('',(-34.4914282730391,-44.0000014156103,11.5000001490116));
#3183=CARTESIAN_POINT('',(-34.4914282730391,-49.9304191093773,23.3608355365456));
#3184=CARTESIAN_POINT('',(411.808571726961,-44.0000014156103,11.5000001490116));
#3185=CARTESIAN_POINT('Origin',(411.808571726961,-54.0000015646219,6.50000007450581));
#3186=CARTESIAN_POINT('',(-43.9914282730391,-16.6616724141957,25.1691646497189));
#3187=CARTESIAN_POINT('',(-34.4914282730391,-84.2216724141957,-8.6108353502811));
#3188=CARTESIAN_POINT('Origin',(411.808571726961,18.1999984532595,4.10000003874302));
#3189=CARTESIAN_POINT('',(401.308571726961,16.9999984353781,6.50000007450581));
#3190=CARTESIAN_POINT('',(401.308571726961,18.1999984532595,4.10000003874302));
#3191=CARTESIAN_POINT('',(401.308571726961,20.5095807505518,-0.519164555841578));
#3192=CARTESIAN_POINT('',(411.808571726961,16.9999984353781,6.50000007450581));
#3193=CARTESIAN_POINT('',(411.808571726961,16.9999984353781,6.50000007450581));
#3194=CARTESIAN_POINT('',(411.808571726961,18.1999984532595,4.10000003874302));
#3195=CARTESIAN_POINT('',(411.808571726961,3.51958075055192,33.4608354441583));
#3196=CARTESIAN_POINT('',(411.808571726961,18.1999984532595,4.10000003874302));
#3197=CARTESIAN_POINT('Origin',(411.808571726961,18.1999984532595,4.10000003874302));
#3198=CARTESIAN_POINT('',(-43.991428273039,16.9999984353781,6.50000007450581));
#3199=CARTESIAN_POINT('',(-43.991428273039,18.1999984532595,4.10000003874302));
#3200=CARTESIAN_POINT('',(-43.9914282730391,21.4595807505517,-2.41916455584157));
#3201=CARTESIAN_POINT('',(-34.4914282730391,16.9999984353781,6.50000007450581));
#3202=CARTESIAN_POINT('',(411.808571726961,16.9999984353781,6.50000007450581));
#3203=CARTESIAN_POINT('',(-34.4914282730391,18.1999984532595,4.10000003874302));
#3204=CARTESIAN_POINT('',(-34.4914282730391,4.56958075055192,31.3608354441583));
#3205=CARTESIAN_POINT('',(411.808571726961,18.1999984532595,4.10000003874302));
#3206=CARTESIAN_POINT('Origin',(411.808571726961,28.1999986022711,9.10000011324883));
#3207=CARTESIAN_POINT('',(401.308571726961,28.1999986022711,9.10000011324883));
#3208=CARTESIAN_POINT('',(401.308571726961,28.3383276781915,9.16916465120902));
#3209=CARTESIAN_POINT('',(411.808571726961,28.1999986022711,9.10000011324883));
#3210=CARTESIAN_POINT('',(411.808571726961,-39.6216723218085,-24.810835348791));
#3211=CARTESIAN_POINT('',(411.808571726961,28.1999986022711,9.10000011324883));
#3212=CARTESIAN_POINT('Origin',(411.808571726961,28.1999986022711,9.10000011324883));
#3213=CARTESIAN_POINT('',(-43.991428273039,28.1999986022711,9.10000011324883));
#3214=CARTESIAN_POINT('',(-43.9914282730391,32.1383276781915,11.069164651209));
#3215=CARTESIAN_POINT('',(-34.4914282730391,28.1999986022711,9.10000011324883));
#3216=CARTESIAN_POINT('',(-34.4914282730391,-35.4216723218085,-22.710835348791));
#3217=CARTESIAN_POINT('',(411.808571726961,28.1999986022711,9.10000011324883));
#3218=CARTESIAN_POINT('Origin',(411.808571726961,16.9999984353781,6.50000007450581));
#3219=CARTESIAN_POINT('',(401.308571726961,26.9999985843897,11.5000001490116));
#3220=CARTESIAN_POINT('',(401.308571726961,22.1383275858043,9.0691646497189));
#3221=CARTESIAN_POINT('',(411.808571726961,26.9999985843897,11.5000001490116));
#3222=CARTESIAN_POINT('',(411.808571726961,26.9999985843897,11.5000001490116));
#3223=CARTESIAN_POINT('',(411.808571726961,-45.8216724141957,-24.9108353502811));
#3224=CARTESIAN_POINT('Origin',(411.808571726961,26.9999985843897,11.5000001490116));
#3225=CARTESIAN_POINT('',(401.308571726961,29.9095808906227,5.68083553654561));
#3226=CARTESIAN_POINT('',(411.808571726961,12.9195808906228,39.6608355365455));
#3227=CARTESIAN_POINT('Origin',(411.808571726961,26.9999985843897,11.5000001490116));
#3228=CARTESIAN_POINT('',(-43.991428273039,26.9999985843897,11.5000001490116));
#3229=CARTESIAN_POINT('',(-43.9914282730391,30.8595808906227,3.78083553654561));
#3230=CARTESIAN_POINT('',(-34.4914282730391,26.9999985843897,11.5000001490116));
#3231=CARTESIAN_POINT('',(-34.4914282730391,13.9695808906228,37.5608355365455));
#3232=CARTESIAN_POINT('',(411.808571726961,26.9999985843897,11.5000001490116));
#3233=CARTESIAN_POINT('Origin',(411.808571726961,16.9999984353781,6.50000007450581));
#3234=CARTESIAN_POINT('',(-43.9914282730391,25.9383275858043,10.9691646497189));
#3235=CARTESIAN_POINT('',(-34.4914282730391,-41.6216724141957,-22.8108353502811));
#3236=CARTESIAN_POINT('Origin',(-38.9914282730391,37.5958213486965,0.));
#3237=CARTESIAN_POINT('',(-43.9914282730391,37.5958213486965,13.));
#3238=CARTESIAN_POINT('',(-38.9914282730391,42.5958213486965,13.));
#3239=CARTESIAN_POINT('Origin',(-38.9914282730391,37.5958213486965,13.));
#3240=CARTESIAN_POINT('',(-38.9914282730391,42.5958213486965,0.));
#3241=CARTESIAN_POINT('',(-38.9914282730391,42.5958213486965,0.));
#3242=CARTESIAN_POINT('',(-43.9914282730391,37.5958213486965,0.));
#3243=CARTESIAN_POINT('Origin',(-38.9914282730391,37.5958213486965,0.));
#3244=CARTESIAN_POINT('',(-43.9914282730391,37.5958213486965,0.));
#3245=CARTESIAN_POINT('Origin',(-38.9914282730391,37.5958213486965,13.));
#3246=CARTESIAN_POINT('',(-43.9914282730391,-131.804178651304,13.));
#3247=CARTESIAN_POINT('',(-43.9914282730391,-136.804178651304,13.));
#3248=CARTESIAN_POINT('',(-38.991428273039,-136.804178651304,13.));
#3249=CARTESIAN_POINT('Origin',(-38.9914282730391,-131.804178651304,13.));
#3250=CARTESIAN_POINT('',(406.808571726961,-136.804178651304,13.));
#3251=CARTESIAN_POINT('',(411.808571726961,-136.804178651304,13.));
#3252=CARTESIAN_POINT('',(411.808571726961,-131.804178651304,13.));
#3253=CARTESIAN_POINT('Origin',(406.808571726961,-131.804178651304,13.));
#3254=CARTESIAN_POINT('',(411.808571726961,37.5958213486964,13.));
#3255=CARTESIAN_POINT('',(411.808571726961,42.5958213486965,13.));
#3256=CARTESIAN_POINT('',(406.808571726961,42.5958213486965,13.));
#3257=CARTESIAN_POINT('Origin',(406.808571726961,37.5958213486964,13.));
#3258=CARTESIAN_POINT('',(377.558571726961,42.5958213486965,13.));
#3259=CARTESIAN_POINT('',(-43.9914282730391,42.5958213486965,13.));
#3260=CARTESIAN_POINT('',(377.558571726961,33.0958213486965,13.));
#3261=CARTESIAN_POINT('',(377.558571726961,40.0958213486965,13.));
#3262=CARTESIAN_POINT('',(401.308571726961,33.0958213486965,13.));
#3263=CARTESIAN_POINT('',(-34.4914282730391,33.0958213486964,13.));
#3264=CARTESIAN_POINT('',(401.308571726961,-126.304178651304,13.));
#3265=CARTESIAN_POINT('',(401.308571726961,33.0958213486964,13.));
#3266=CARTESIAN_POINT('',(-34.4914282730391,-126.304178651304,13.));
#3267=CARTESIAN_POINT('',(401.308571726961,-126.304178651304,13.));
#3268=CARTESIAN_POINT('',(-34.4914282730391,33.0958213486965,13.));
#3269=CARTESIAN_POINT('',(-34.4914282730391,-126.304178651304,13.));
#3270=CARTESIAN_POINT('',(359.058571726961,33.0958213486965,13.));
#3271=CARTESIAN_POINT('',(-34.4914282730391,33.0958213486964,13.));
#3272=CARTESIAN_POINT('',(359.058571726961,42.5958213486965,13.));
#3273=CARTESIAN_POINT('',(359.058571726961,35.3458213486965,13.));
#3274=CARTESIAN_POINT('',(-43.9914282730391,42.5958213486965,13.));
#3275=CARTESIAN_POINT('',(-40.6914282730391,37.5958213486965,13.));
#3276=CARTESIAN_POINT('Origin',(-38.9914282730391,37.5958213486965,13.));
#3277=CARTESIAN_POINT('',(405.108571726961,-131.804178651304,13.));
#3278=CARTESIAN_POINT('Origin',(406.808571726961,-131.804178651304,13.));
#3279=CARTESIAN_POINT('',(-40.6914282730391,-131.804178651304,13.));
#3280=CARTESIAN_POINT('Origin',(-38.9914282730391,-131.804178651304,13.));
#3281=CARTESIAN_POINT('',(405.108571726961,37.5958213486965,13.));
#3282=CARTESIAN_POINT('Origin',(406.808571726961,37.5958213486965,13.));
#3283=CARTESIAN_POINT('Origin',(-43.9914282730391,42.5958213486965,0.));
#3284=CARTESIAN_POINT('',(-43.9914282730391,-131.804178651304,0.));
#3285=CARTESIAN_POINT('',(-43.9914282730391,-136.804178651304,0.));
#3286=CARTESIAN_POINT('',(-43.9914282730391,-131.804178651304,0.));
#3287=CARTESIAN_POINT('Origin',(-38.9914282730391,-131.804178651304,0.));
#3288=CARTESIAN_POINT('',(-38.991428273039,-136.804178651304,0.));
#3289=CARTESIAN_POINT('Origin',(-38.9914282730391,-131.804178651304,0.));
#3290=CARTESIAN_POINT('',(-38.9914282730391,-136.804178651304,0.));
#3291=CARTESIAN_POINT('Origin',(406.808571726961,-131.804178651304,0.));
#3292=CARTESIAN_POINT('',(406.808571726961,-136.804178651304,0.));
#3293=CARTESIAN_POINT('',(406.808571726961,-136.804178651304,0.));
#3294=CARTESIAN_POINT('',(411.808571726961,-131.804178651304,0.));
#3295=CARTESIAN_POINT('Origin',(406.808571726961,-131.804178651304,0.));
#3296=CARTESIAN_POINT('',(411.808571726961,-131.804178651304,0.));
#3297=CARTESIAN_POINT('Origin',(411.808571726961,-136.804178651304,0.));
#3298=CARTESIAN_POINT('',(411.808571726961,37.5958213486964,0.));
#3299=CARTESIAN_POINT('',(411.808571726961,42.5958213486965,0.));
#3300=CARTESIAN_POINT('',(411.808571726961,37.5958213486964,0.));
#3301=CARTESIAN_POINT('Origin',(406.808571726961,37.5958213486964,0.));
#3302=CARTESIAN_POINT('',(406.808571726961,42.5958213486965,0.));
#3303=CARTESIAN_POINT('Origin',(406.808571726961,37.5958213486964,0.));
#3304=CARTESIAN_POINT('',(406.808571726961,42.5958213486965,0.));
#3305=CARTESIAN_POINT('Origin',(377.558571726961,42.5958213486965,13.));
#3306=CARTESIAN_POINT('',(377.558571726961,42.5958213486965,5.5));
#3307=CARTESIAN_POINT('',(377.558571726961,42.5958213486965,6.5));
#3308=CARTESIAN_POINT('',(377.558571726961,33.0958213486965,5.5));
#3309=CARTESIAN_POINT('',(377.558571726961,42.5958213486965,5.5));
#3310=CARTESIAN_POINT('',(377.558571726961,33.0958213486964,6.5));
#3311=CARTESIAN_POINT('Origin',(359.058571726961,33.0958213486965,13.));
#3312=CARTESIAN_POINT('',(359.058571726961,33.0958213486965,5.5));
#3313=CARTESIAN_POINT('',(359.058571726961,33.0958213486964,6.5));
#3314=CARTESIAN_POINT('',(359.058571726961,42.5958213486965,5.5));
#3315=CARTESIAN_POINT('',(359.058571726961,33.0958213486965,5.5));
#3316=CARTESIAN_POINT('',(359.058571726961,42.5958213486965,6.5));
#3317=CARTESIAN_POINT('Origin',(368.308571726961,37.8458213486965,5.5));
#3318=CARTESIAN_POINT('',(166.908571726961,33.0958213486964,5.5));
#3319=CARTESIAN_POINT('',(390.058571726961,42.5958213486965,5.5));
#3320=CARTESIAN_POINT('Origin',(-34.4914282730391,33.0958213486964,0.));
#3321=CARTESIAN_POINT('',(-34.4914282730391,33.0958213486964,3.));
#3322=CARTESIAN_POINT('',(-34.4914282730391,33.0958213486964,0.));
#3323=CARTESIAN_POINT('',(401.308571726961,33.0958213486964,3.));
#3324=CARTESIAN_POINT('',(74.4585717269609,33.0958213486964,3.));
#3325=CARTESIAN_POINT('',(401.308571726961,33.0958213486964,0.));
#3326=CARTESIAN_POINT('Origin',(183.408571726961,-46.6041786513036,3.));
#3327=CARTESIAN_POINT('',(401.308571726961,-126.304178651304,3.));
#3328=CARTESIAN_POINT('',(-34.4914282730391,-126.304178651304,3.));
#3329=CARTESIAN_POINT('',(292.358571726961,-126.304178651304,3.));
#3330=CARTESIAN_POINT('',(401.308571726961,-6.75417865130355,3.));
#3331=CARTESIAN_POINT('',(-34.4914282730391,-86.4541786513036,3.));
#3332=CARTESIAN_POINT('Origin',(401.308571726961,33.0958213486964,0.));
#3333=CARTESIAN_POINT('',(401.308571726961,-126.304178651304,0.));
#3334=CARTESIAN_POINT('Origin',(-38.9914282730391,37.5958213486965,0.));
#3335=CARTESIAN_POINT('',(-41.9914282730391,37.5958213486965,3.1));
#3336=CARTESIAN_POINT('Origin',(-38.9914282730391,37.5958213486965,3.1));
#3337=CARTESIAN_POINT('',(-41.9914282730391,37.5958213486965,0.));
#3338=CARTESIAN_POINT('',(-41.9914282730391,37.5958213486965,0.));
#3339=CARTESIAN_POINT('Origin',(-38.9914282730391,37.5958213486965,0.));
#3340=CARTESIAN_POINT('Origin',(406.808571726961,37.5958213486965,0.));
#3341=CARTESIAN_POINT('',(403.808571726961,37.5958213486965,3.1));
#3342=CARTESIAN_POINT('Origin',(406.808571726961,37.5958213486965,3.1));
#3343=CARTESIAN_POINT('',(403.808571726961,37.5958213486965,0.));
#3344=CARTESIAN_POINT('',(403.808571726961,37.5958213486965,0.));
#3345=CARTESIAN_POINT('Origin',(406.808571726961,37.5958213486965,0.));
#3346=CARTESIAN_POINT('Origin',(406.808571726961,-131.804178651304,0.));
#3347=CARTESIAN_POINT('',(403.808571726961,-131.804178651304,3.1));
#3348=CARTESIAN_POINT('Origin',(406.808571726961,-131.804178651304,3.1));
#3349=CARTESIAN_POINT('',(403.808571726961,-131.804178651304,0.));
#3350=CARTESIAN_POINT('',(403.808571726961,-131.804178651304,0.));
#3351=CARTESIAN_POINT('Origin',(406.808571726961,-131.804178651304,0.));
#3352=CARTESIAN_POINT('Origin',(-38.9914282730391,-131.804178651304,0.));
#3353=CARTESIAN_POINT('',(-41.9914282730391,-131.804178651304,3.1));
#3354=CARTESIAN_POINT('Origin',(-38.9914282730391,-131.804178651304,3.1));
#3355=CARTESIAN_POINT('',(-41.9914282730391,-131.804178651304,0.));
#3356=CARTESIAN_POINT('',(-41.9914282730391,-131.804178651304,0.));
#3357=CARTESIAN_POINT('Origin',(-38.9914282730391,-131.804178651304,0.));
#3358=CARTESIAN_POINT('Origin',(-34.4914282730391,-126.304178651304,0.));
#3359=CARTESIAN_POINT('',(-34.4914282730391,-126.304178651304,0.));
#3360=CARTESIAN_POINT('Origin',(401.308571726961,-126.304178651304,0.));
#3361=CARTESIAN_POINT('Origin',(411.808571726961,42.5958213486965,0.));
#3362=CARTESIAN_POINT('',(-43.9914282730391,42.5958213486965,0.));
#3363=CARTESIAN_POINT('Origin',(-43.991428273039,-136.804178651304,0.));
#3364=CARTESIAN_POINT('',(411.808571726961,-136.804178651304,0.));
#3365=CARTESIAN_POINT('Origin',(183.908571726961,-47.1041786513035,0.));
#3366=CARTESIAN_POINT('Origin',(-38.9914282730391,-131.804178651304,3.1));
#3367=CARTESIAN_POINT('',(-40.6914282730391,-131.804178651304,3.1));
#3368=CARTESIAN_POINT('',(-40.6914282730391,-131.804178651304,3.1));
#3369=CARTESIAN_POINT('Origin',(-38.9914282730391,-131.804178651304,3.1));
#3370=CARTESIAN_POINT('Origin',(-38.9914282730391,-131.804178651304,3.1));
#3371=CARTESIAN_POINT('Origin',(406.808571726961,-131.804178651304,3.1));
#3372=CARTESIAN_POINT('',(405.108571726961,-131.804178651304,3.1));
#3373=CARTESIAN_POINT('',(405.108571726961,-131.804178651304,3.1));
#3374=CARTESIAN_POINT('Origin',(406.808571726961,-131.804178651304,3.1));
#3375=CARTESIAN_POINT('Origin',(406.808571726961,-131.804178651304,3.1));
#3376=CARTESIAN_POINT('Origin',(406.808571726961,37.5958213486965,3.1));
#3377=CARTESIAN_POINT('',(405.108571726961,37.5958213486965,3.1));
#3378=CARTESIAN_POINT('',(405.108571726961,37.5958213486965,3.1));
#3379=CARTESIAN_POINT('Origin',(406.808571726961,37.5958213486965,3.1));
#3380=CARTESIAN_POINT('Origin',(406.808571726961,37.5958213486965,3.1));
#3381=CARTESIAN_POINT('Origin',(-38.9914282730391,37.5958213486965,3.1));
#3382=CARTESIAN_POINT('',(-40.6914282730391,37.5958213486965,3.1));
#3383=CARTESIAN_POINT('',(-40.6914282730391,37.5958213486965,3.1));
#3384=CARTESIAN_POINT('Origin',(-38.9914282730391,37.5958213486965,3.1));
#3385=CARTESIAN_POINT('Origin',(-38.9914282730391,37.5958213486965,3.1));
#3386=CARTESIAN_POINT('',(0.,0.,0.));
#3387=CARTESIAN_POINT('Origin',(0.,0.,0.));
#3388=UNCERTAINTY_MEASURE_WITH_UNIT(LENGTH_MEASURE(0.01),#3394,
'DISTANCE_ACCURACY_VALUE',
'Maximum model space distance between geometric entities at asserted c
onnectivities');
#3389=UNCERTAINTY_MEASURE_WITH_UNIT(LENGTH_MEASURE(0.01),#3394,
'DISTANCE_ACCURACY_VALUE',
'Maximum model space distance between geometric entities at asserted c
onnectivities');
#3390=UNCERTAINTY_MEASURE_WITH_UNIT(LENGTH_MEASURE(0.01),#3394,
'DISTANCE_ACCURACY_VALUE',
'Maximum model space distance between geometric entities at asserted c
onnectivities');
#3391=(
GEOMETRIC_REPRESENTATION_CONTEXT(3)
GLOBAL_UNCERTAINTY_ASSIGNED_CONTEXT((#3388))
GLOBAL_UNIT_ASSIGNED_CONTEXT((#3394,#3396,#3397))
REPRESENTATION_CONTEXT('','3D')
);
#3392=(
GEOMETRIC_REPRESENTATION_CONTEXT(3)
GLOBAL_UNCERTAINTY_ASSIGNED_CONTEXT((#3389))
GLOBAL_UNIT_ASSIGNED_CONTEXT((#3394,#3396,#3397))
REPRESENTATION_CONTEXT('','3D')
);
#3393=(
GEOMETRIC_REPRESENTATION_CONTEXT(3)
GLOBAL_UNCERTAINTY_ASSIGNED_CONTEXT((#3390))
GLOBAL_UNIT_ASSIGNED_CONTEXT((#3394,#3396,#3397))
REPRESENTATION_CONTEXT('','3D')
);
#3394=(
LENGTH_UNIT()
NAMED_UNIT(*)
SI_UNIT(.MILLI.,.METRE.)
);
#3395=(
LENGTH_UNIT()
NAMED_UNIT(*)
SI_UNIT($,.METRE.)
);
#3396=(
NAMED_UNIT(*)
PLANE_ANGLE_UNIT()
SI_UNIT($,.RADIAN.)
);
#3397=(
NAMED_UNIT(*)
SI_UNIT($,.STERADIAN.)
SOLID_ANGLE_UNIT()
);
#3398=SHAPE_DEFINITION_REPRESENTATION(#3400,#3403);
#3399=SHAPE_DEFINITION_REPRESENTATION(#3401,#3404);
#3400=PRODUCT_DEFINITION_SHAPE('',$,#3406);
#3401=PRODUCT_DEFINITION_SHAPE('',$,#3407);
#3402=PRODUCT_DEFINITION_SHAPE($,$,#17);
#3403=SHAPE_REPRESENTATION('',(#2148,#2276),#3391);
#3404=SHAPE_REPRESENTATION('',(#2149),#3392);
#3405=PRODUCT_DEFINITION_CONTEXT('part definition',#3413,'design');
#3406=PRODUCT_DEFINITION('2025-07-31-20-46-40-795','KeebBottom (1)',#3408,
#3405);
#3407=PRODUCT_DEFINITION('2025-07-31-20-50-10-936','KeebBottom',#3409,#3405);
#3408=PRODUCT_DEFINITION_FORMATION('',$,#3415);
#3409=PRODUCT_DEFINITION_FORMATION('',$,#3416);
#3410=PRODUCT_RELATED_PRODUCT_CATEGORY('KeebBottom (1)',
'KeebBottom (1)',(#3415));
#3411=PRODUCT_RELATED_PRODUCT_CATEGORY('KeebBottom','KeebBottom',(#3416));
#3412=APPLICATION_PROTOCOL_DEFINITION('international standard',
'automotive_design',2009,#3413);
#3413=APPLICATION_CONTEXT(
'Core Data for Automotive Mechanical Design Process');
#3414=PRODUCT_CONTEXT('part definition',#3413,'mechanical');
#3415=PRODUCT('2025-07-31-20-46-40-795','KeebBottom (1)',$,(#3414));
#3416=PRODUCT('2025-07-31-20-50-10-936','KeebBottom',$,(#3414));
#3417=PRESENTATION_STYLE_ASSIGNMENT((#3421));
#3418=PRESENTATION_STYLE_ASSIGNMENT((#3422));
#3419=PRESENTATION_STYLE_ASSIGNMENT((#3423));
#3420=PRESENTATION_STYLE_ASSIGNMENT((NULL_STYLE(.NULL.)));
#3421=SURFACE_STYLE_USAGE(.BOTH.,#3424);
#3422=SURFACE_STYLE_USAGE(.BOTH.,#3425);
#3423=SURFACE_STYLE_USAGE(.BOTH.,#3426);
#3424=SURFACE_SIDE_STYLE('',(#3427));
#3425=SURFACE_SIDE_STYLE('',(#3428));
#3426=SURFACE_SIDE_STYLE('',(#3429));
#3427=SURFACE_STYLE_FILL_AREA(#3430);
#3428=SURFACE_STYLE_FILL_AREA(#3431);
#3429=SURFACE_STYLE_FILL_AREA(#3432);
#3430=FILL_AREA_STYLE('Plastic - Matte (Black)',(#3433));
#3431=FILL_AREA_STYLE('Steel - Satin',(#3434));
#3432=FILL_AREA_STYLE('ABS (White)',(#3435));
#3433=FILL_AREA_STYLE_COLOUR('Plastic - Matte (Black)',#3436);
#3434=FILL_AREA_STYLE_COLOUR('Steel - Satin',#3437);
#3435=FILL_AREA_STYLE_COLOUR('ABS (White)',#3438);
#3436=COLOUR_RGB('Plastic - Matte (Black)',0.0980392156862745,0.0980392156862745,
0.0980392156862745);
#3437=COLOUR_RGB('Steel - Satin',0.627450980392157,0.627450980392157,0.627450980392157);
#3438=COLOUR_RGB('ABS (White)',0.964705882352941,0.964705882352941,0.952941176470588);
ENDSEC;
END-ISO-10303-21;
